-- MySQL dump 10.13  Distrib 8.0.44, for Linux (x86_64)
--
-- Host: localhost    Database: ravip
-- ------------------------------------------------------
-- Server version	8.0.44-0ubuntu0.22.04.1

/*!40101 SET @OLD_CHARACTER_SET_CLIENT=@@CHARACTER_SET_CLIENT */;
/*!40101 SET @OLD_CHARACTER_SET_RESULTS=@@CHARACTER_SET_RESULTS */;
/*!40101 SET @OLD_COLLATION_CONNECTION=@@COLLATION_CONNECTION */;
/*!50503 SET NAMES utf8mb4 */;
/*!40103 SET @OLD_TIME_ZONE=@@TIME_ZONE */;
/*!40103 SET TIME_ZONE='+00:00' */;
/*!40014 SET @OLD_UNIQUE_CHECKS=@@UNIQUE_CHECKS, UNIQUE_CHECKS=0 */;
/*!40014 SET @OLD_FOREIGN_KEY_CHECKS=@@FOREIGN_KEY_CHECKS, FOREIGN_KEY_CHECKS=0 */;
/*!40101 SET @OLD_SQL_MODE=@@SQL_MODE, SQL_MODE='NO_AUTO_VALUE_ON_ZERO' */;
/*!40111 SET @OLD_SQL_NOTES=@@SQL_NOTES, SQL_NOTES=0 */;

--
-- Table structure for table `arrondissements`
--

DROP TABLE IF EXISTS `arrondissements`;
/*!40101 SET @saved_cs_client     = @@character_set_client */;
/*!50503 SET character_set_client = utf8mb4 */;
CREATE TABLE `arrondissements` (
  `id` char(36) COLLATE utf8mb4_unicode_ci NOT NULL,
  `nom_arrondissement` varchar(255) COLLATE utf8mb4_unicode_ci NOT NULL,
  `commune_id` char(36) COLLATE utf8mb4_unicode_ci NOT NULL,
  `created_at` timestamp NULL DEFAULT NULL,
  `updated_at` timestamp NULL DEFAULT NULL,
  PRIMARY KEY (`id`),
  KEY `arrondissements_commune_id_foreign` (`commune_id`),
  CONSTRAINT `arrondissements_commune_id_foreign` FOREIGN KEY (`commune_id`) REFERENCES `communes` (`id`) ON DELETE CASCADE
) ENGINE=InnoDB DEFAULT CHARSET=utf8mb4 COLLATE=utf8mb4_unicode_ci;
/*!40101 SET character_set_client = @saved_cs_client */;

--
-- Dumping data for table `arrondissements`
--

LOCK TABLES `arrondissements` WRITE;
/*!40000 ALTER TABLE `arrondissements` DISABLE KEYS */;
INSERT INTO `arrondissements` VALUES ('013ae7dd-c574-4a66-ba88-859b557bcb6b','Arrondissement Central','12ec2197-e9c1-4c76-a3c9-3792bc99372e','2025-12-22 16:24:33','2025-12-22 16:24:33'),('025499d3-9125-400d-b3f1-471171303bfe','Arrondissement Central','9c6d2b23-255e-452c-80e5-38f6204f7454','2025-12-22 16:24:33','2025-12-22 16:24:33'),('05128e37-3df7-42e5-bc45-394a6439ae50','2e Arrondissement','cd706954-1190-448d-a1f3-f24708a9c2b1','2025-12-22 16:24:33','2025-12-22 16:24:33'),('07851e59-70da-4d5c-9e44-7278bafccb5f','Arrondissement Central','ba483732-de53-429f-aa2d-168d2bc14cb2','2025-12-22 16:24:33','2025-12-22 16:24:33'),('079e6277-c304-4f96-984e-3eb3a9b61f2b','Arrondissement Central','07936f0b-c119-4255-bc5d-538f0da7c99b','2025-12-22 16:24:33','2025-12-22 16:24:33'),('0d86cc78-0a56-4e53-a2af-e2fd9257dd50','Arrondissement Central','9d694284-54f5-4616-8138-a0fce5fb11d4','2025-12-22 16:24:33','2025-12-22 16:24:33'),('0e4ba2b0-3d77-4fb6-9894-0a285f390b53','3e Arrondissement','6f7bc055-8446-4e61-869f-906c609b7a24','2025-12-22 16:24:33','2025-12-22 16:24:33'),('10f4b915-bf0c-49f5-b472-d434338a3954','3e Arrondissement','cd706954-1190-448d-a1f3-f24708a9c2b1','2025-12-22 16:24:33','2025-12-22 16:24:33'),('11d06160-a369-4666-b79c-8b3c93b29e5d','3e Arrondissement','12ec2197-e9c1-4c76-a3c9-3792bc99372e','2025-12-22 16:24:33','2025-12-22 16:24:33'),('13b89c7e-bbd2-4fcd-99fe-85c51b5aa4ab','Arrondissement Central','ee6e06ef-3d77-4491-b171-c81216cf3f57','2025-12-22 16:24:34','2025-12-22 16:24:34'),('17661831-7550-46f4-8706-2a2348c87b2c','Arrondissement Central','964fab10-c5ef-46ea-a516-4bbfae1ed75a','2025-12-22 16:24:33','2025-12-22 16:24:33'),('1978e191-f3b3-4cfb-b0ae-440cd7ccb5af','3e Arrondissement','b9750e03-bb5d-4fb8-b1db-589ed67b47ac','2025-12-22 16:24:33','2025-12-22 16:24:33'),('197ef245-abec-4bfe-8785-7c16aa482e55','Arrondissement Central','d00fdee0-a6f5-42ef-ab0d-56f26e74f150','2025-12-22 16:24:34','2025-12-22 16:24:34'),('1a60dc2c-252e-409b-8abc-2cd7166d993a','Arrondissement Central','1b5bc899-73e5-4166-b6dc-b468b6bca4e7','2025-12-22 16:24:33','2025-12-22 16:24:33'),('1f25c9d4-8533-47f4-851f-e83ddb80fc0c','Arrondissement Central','9dcb7b11-2ee9-4047-834a-e6a284719380','2025-12-22 16:24:33','2025-12-22 16:24:33'),('1fc72e6c-6a5b-4986-a075-9126e158f9eb','Arrondissement Central','fcd1a400-42ca-42e6-a9ca-e825f0644750','2025-12-22 16:24:34','2025-12-22 16:24:34'),('21bebab3-8152-4d8d-b34f-ddf17f59c605','Arrondissement Central','6f7bc055-8446-4e61-869f-906c609b7a24','2025-12-22 16:24:33','2025-12-22 16:24:33'),('243f23df-acff-468c-aa02-8a0095ba8889','Arrondissement Central','3dbdbde1-0be0-437f-b47a-9bf475774274','2025-12-22 16:24:33','2025-12-22 16:24:33'),('314e4962-5739-43ae-82a4-c0f2a3d543b0','Arrondissement Central','e3a1eb18-b8a0-430f-abaa-9b4a6fbd8db9','2025-12-22 16:24:34','2025-12-22 16:24:34'),('32a7d699-e14d-4839-b86d-8ea46508d459','3e Arrondissement','d134b7e8-807f-4976-b987-29f61d6d8d7c','2025-12-22 16:24:33','2025-12-22 16:24:33'),('349ec126-d07c-4b5c-9da1-ef98d3a00686','Arrondissement Central','7e7204da-7f05-4b08-bb5c-68e9096f530f','2025-12-22 16:24:33','2025-12-22 16:24:33'),('34f410fb-17e5-432f-ab93-7a2e2402732d','Arrondissement Central','f1e25d5d-5df5-4840-a458-d76c65015b16','2025-12-22 16:24:34','2025-12-22 16:24:34'),('35e1f32b-9f6d-4867-a83a-11c22efb1bf5','Arrondissement Central','467d1b38-08e1-4645-a251-164aa5e55609','2025-12-22 16:24:33','2025-12-22 16:24:33'),('3611dc02-be9d-4580-b481-89f4a8b66ac4','Arrondissement Central','b9750e03-bb5d-4fb8-b1db-589ed67b47ac','2025-12-22 16:24:33','2025-12-22 16:24:33'),('363a7e6c-7315-4643-b26f-9bd7846eb614','2e Arrondissement','6f7bc055-8446-4e61-869f-906c609b7a24','2025-12-22 16:24:33','2025-12-22 16:24:33'),('3aa32da5-54be-401e-84b4-ba7f6a82417e','3e Arrondissement','8be28d90-d1a2-4c90-ab4c-7b7a9c496f20','2025-12-22 16:24:33','2025-12-22 16:24:33'),('3b8abab0-707d-421c-a519-cc57d38a5109','Arrondissement Central','9fcd0f77-fd20-4deb-9683-b2e55c62060d','2025-12-22 16:24:33','2025-12-22 16:24:33'),('427c0e06-3dcd-4f00-a29f-e9824a6916f0','Arrondissement Central','cd706954-1190-448d-a1f3-f24708a9c2b1','2025-12-22 16:24:34','2025-12-22 16:24:34'),('434efc4a-cd38-40ef-bd9b-25b03ada4c34','Arrondissement Central','5f2ceac9-f143-4ff4-93c9-27e1c8ce5e0d','2025-12-22 16:24:33','2025-12-22 16:24:33'),('43f76bdf-3578-45ea-9599-c8c84d3858a7','4e Arrondissement','6f7bc055-8446-4e61-869f-906c609b7a24','2025-12-22 16:24:33','2025-12-22 16:24:33'),('46c39d78-3fbd-4ec8-80af-14496bd6f9bb','Arrondissement Central','41188550-3f08-49e0-ab80-d0e771113111','2025-12-22 16:24:33','2025-12-22 16:24:33'),('49814d52-1d13-4393-a0c6-05286e922671','Arrondissement Central','e0227fea-d725-433b-b887-f9d02e55802b','2025-12-22 16:24:34','2025-12-22 16:24:34'),('4b5da97d-0dae-4154-8a67-4c5dda483c22','Arrondissement Central','12cec7eb-acae-4600-9831-365f9b80be72','2025-12-22 16:24:33','2025-12-22 16:24:33'),('4d3b7b3a-c0be-4976-98c6-b69a64aed647','2e Arrondissement','12ec2197-e9c1-4c76-a3c9-3792bc99372e','2025-12-22 16:24:33','2025-12-22 16:24:33'),('4dac45b1-94a7-4e1d-91fd-af76a8bbc80f','Arrondissement Central','0fdae53d-2850-428f-974d-821dc186a6f2','2025-12-22 16:24:33','2025-12-22 16:24:33'),('4ec1b08f-d322-4026-97ed-141517148ec3','Arrondissement Central','17c929c8-4d33-4675-a6e1-7c5bc245153f','2025-12-22 16:24:33','2025-12-22 16:24:33'),('50d987db-25ce-45cf-a521-a01312bbdb1c','1er Arrondissement','b9750e03-bb5d-4fb8-b1db-589ed67b47ac','2025-12-22 16:24:33','2025-12-22 16:24:33'),('56c36d98-d065-4b97-927a-d02a5fd8ab47','Arrondissement Central','ccbbb107-1ef6-4a70-af21-17a5051f41dc','2025-12-22 16:24:34','2025-12-22 16:24:34'),('577a5d33-6a4a-44f1-a5dd-e0fbfadbe94f','Arrondissement Central','0cc795c5-ae5c-41da-a2f4-10d0421363db','2025-12-22 16:24:33','2025-12-22 16:24:33'),('58bd53ac-370c-452a-975c-2b9595542d42','Arrondissement Central','3288a000-1467-47f4-86d7-627e7be4cc7c','2025-12-22 16:24:33','2025-12-22 16:24:33'),('5973a69e-efcf-4ba1-90c0-aa6b6b00eeaa','Arrondissement Central','da0d0948-3353-48a7-b7f2-560a4ef65b9f','2025-12-22 16:24:34','2025-12-22 16:24:34'),('59d23dcd-4e77-4e12-a511-0fe51e8ee3cc','Arrondissement Central','89711e02-6389-43b4-87eb-b22fd432738e','2025-12-22 16:24:33','2025-12-22 16:24:33'),('5b0e82e2-8aca-4a98-abea-92c0669ef274','Arrondissement Central','f2a9dffa-7abb-4330-98eb-cef08cc9ffbf','2025-12-22 16:24:34','2025-12-22 16:24:34'),('5d9aedfd-1a0c-4c07-8cff-739d8ca252c5','2e Arrondissement','b9750e03-bb5d-4fb8-b1db-589ed67b47ac','2025-12-22 16:24:33','2025-12-22 16:24:33'),('6525a383-01c0-4f19-a27a-50e267c833e6','Arrondissement Central','8934f7c9-4f41-4176-8a22-381d0ce80d54','2025-12-22 16:24:33','2025-12-22 16:24:33'),('69d94702-dbe5-4298-8f5f-e7e397dfebe0','Arrondissement Central','94a19838-5084-46c6-9847-92a82e3ab952','2025-12-22 16:24:33','2025-12-22 16:24:33'),('6d14cb89-d3cb-434d-a053-74b9caaacd55','6e Arrondissement','d134b7e8-807f-4976-b987-29f61d6d8d7c','2025-12-22 16:24:33','2025-12-22 16:24:33'),('72d9b2e3-333d-4b89-af40-1a5c3f4269fb','Arrondissement Central','734381d1-1b0b-442c-adbd-2d22fab89eae','2025-12-22 16:24:33','2025-12-22 16:24:33'),('74204a99-1492-4cb8-925b-d2d219b3c7cc','4e Arrondissement','d134b7e8-807f-4976-b987-29f61d6d8d7c','2025-12-22 16:24:33','2025-12-22 16:24:33'),('761ac32f-dea7-44f1-b00f-34b044d8efc6','Arrondissement Central','21513ec1-8c48-4a16-85ba-74fd0cb0c5bc','2025-12-22 16:24:33','2025-12-22 16:24:33'),('77c7340f-a035-4254-b87c-e758ecbd12da','2e Arrondissement','d134b7e8-807f-4976-b987-29f61d6d8d7c','2025-12-22 16:24:33','2025-12-22 16:24:33'),('7d9bffe8-8206-4d0d-b2f6-c7cd9be7a276','Arrondissement Central','e3f01104-a11c-4753-a11f-bd292eb2a7c1','2025-12-22 16:24:34','2025-12-22 16:24:34'),('8236a97a-7b01-4b72-a187-aeac5fffc88d','Arrondissement Central','2a84ad0c-052d-4800-86f1-17461204be30','2025-12-22 16:24:33','2025-12-22 16:24:33'),('827f9f0c-3c5e-43d3-89db-3d944f3cb5ae','Arrondissement Central','f904ad13-bbd9-41d2-929e-e2101dfe22b4','2025-12-22 16:24:34','2025-12-22 16:24:34'),('82ee8b03-84da-4bec-8031-934d70541c9d','1er Arrondissement','12ec2197-e9c1-4c76-a3c9-3792bc99372e','2025-12-22 16:24:33','2025-12-22 16:24:33'),('838ab29f-cf61-465d-9bce-cf5a72d62cc7','Arrondissement Central','61dde0c6-a854-4eb8-9d5b-805a949c4ff9','2025-12-22 16:24:33','2025-12-22 16:24:33'),('868b0334-6733-4de6-a8e8-8b06ec860f1c','Arrondissement Central','d78b27a2-d745-4f8f-ada0-005ea18a0c32','2025-12-22 16:24:34','2025-12-22 16:24:34'),('898dcf2e-988d-4f27-8f83-b885455fd67a','Arrondissement Central','f731d452-96ec-4742-b696-802bfce6ab5b','2025-12-22 16:24:34','2025-12-22 16:24:34'),('8ec61b91-5c01-46e2-bc17-4745ca666135','Arrondissement Central','c9249c59-37c0-4e5f-8d64-12129d02f2f2','2025-12-22 16:24:33','2025-12-22 16:24:33'),('8fd310e0-4050-4ebd-87c4-4f282e21627d','1er Arrondissement','8be28d90-d1a2-4c90-ab4c-7b7a9c496f20','2025-12-22 16:24:33','2025-12-22 16:24:33'),('90dcc77f-bb9d-4d42-b226-35f6f102bbfb','Arrondissement Central','ebba9782-d4fd-4e15-9ea7-f6a6ee0fc497','2025-12-22 16:24:34','2025-12-22 16:24:34'),('959f5981-ec52-425e-b673-251034851878','2e Arrondissement','8be28d90-d1a2-4c90-ab4c-7b7a9c496f20','2025-12-22 16:24:33','2025-12-22 16:24:33'),('96da6dd9-b1d2-4399-9cc2-da63b4062922','Arrondissement Central','03946f15-9bad-4b82-9583-fa050651c696','2025-12-22 16:24:33','2025-12-22 16:24:33'),('98364567-3867-49fb-ae6c-59c7d223b739','Arrondissement Central','8be28d90-d1a2-4c90-ab4c-7b7a9c496f20','2025-12-22 16:24:33','2025-12-22 16:24:33'),('98f42acc-72b8-49ca-8d8c-83f419fce82c','Arrondissement Central','3be50231-f549-46c1-9807-a4a84bae8a0d','2025-12-22 16:24:33','2025-12-22 16:24:33'),('99d22cd5-ee39-4335-9070-8b46ab54b2a1','Arrondissement Central','98d36965-4be3-4a3e-bedd-ada22bcb637e','2025-12-22 16:24:33','2025-12-22 16:24:33'),('9bae8277-984f-43d5-ade3-a31b65dba5b5','Arrondissement Central','1be18cf3-e4af-410e-bd6c-07221093f474','2025-12-22 16:24:33','2025-12-22 16:24:33'),('9e4b3f78-bff3-4241-9d13-3cb455f96484','Arrondissement Central','8e8c68a0-3300-4da7-9c37-0f1ae53389ec','2025-12-22 16:24:33','2025-12-22 16:24:33'),('a18353d6-19f4-4040-a4d9-ede81320ae21','Arrondissement Central','54030325-1d8c-4c53-87b1-6e4b953294cb','2025-12-22 16:24:33','2025-12-22 16:24:33'),('a6dfb0f5-11c3-4b6c-8a8b-cc87c49f81f7','Arrondissement Central','b8edaadd-07f7-4eec-8990-72c4e4319cf2','2025-12-22 16:24:33','2025-12-22 16:24:33'),('a862abb9-4bc4-4621-9c7c-cc4161d829f6','Arrondissement Central','2e3c738d-9f05-42c9-aeb4-52e632ea92de','2025-12-22 16:24:33','2025-12-22 16:24:33'),('aa19e610-4292-438f-a89d-fea506b31051','Arrondissement Central','4a0d841f-4242-4086-9515-04d5c76bb53b','2025-12-22 16:24:33','2025-12-22 16:24:33'),('b327f278-935b-44e8-93c0-1cedcc49a5f0','Arrondissement Central','f9d775ce-78ef-4009-89dc-41c0ba74ec9d','2025-12-22 16:24:34','2025-12-22 16:24:34'),('b575b025-bca8-40f8-a64a-83e08b4a70c9','Arrondissement Central','8717c95c-94df-4c51-ba52-3fdde41147a4','2025-12-22 16:24:33','2025-12-22 16:24:33'),('bae420ce-ce54-4e3a-ac6a-b088e06d3592','Arrondissement Central','d134b7e8-807f-4976-b987-29f61d6d8d7c','2025-12-22 16:24:34','2025-12-22 16:24:34'),('bbeb472e-8e19-46d1-909e-b635ac986945','Arrondissement Central','ee14e583-423f-49dd-bfa2-c5bd32ddfc7b','2025-12-22 16:24:34','2025-12-22 16:24:34'),('bfc6a9cc-c073-4053-9329-0288fecfbed0','Arrondissement Central','53f9e53a-efdd-461b-afbe-59a7830d7069','2025-12-22 16:24:33','2025-12-22 16:24:33'),('c3008abf-bd47-4519-a5db-7702b1ce750e','5e Arrondissement','6f7bc055-8446-4e61-869f-906c609b7a24','2025-12-22 16:24:33','2025-12-22 16:24:33'),('c39756cf-ccad-4a4a-b9f2-45def4beb730','Arrondissement Central','601166a8-0672-4bf3-b44c-776d67a9091c','2025-12-22 16:24:33','2025-12-22 16:24:33'),('c60090c3-abdb-455a-83ae-7db94283f2f1','1er Arrondissement','d134b7e8-807f-4976-b987-29f61d6d8d7c','2025-12-22 16:24:33','2025-12-22 16:24:33'),('c7994166-596d-4b9a-bb1a-3983db52d134','Arrondissement Central','f3720d53-b35e-4d5a-8c9b-f9b3c6f27a5e','2025-12-22 16:24:34','2025-12-22 16:24:34'),('c85d6dce-1795-4fe6-859d-b7fcf5e09104','Arrondissement Central','897e4577-dbf7-4cf2-8342-a137fcfe9cdb','2025-12-22 16:24:33','2025-12-22 16:24:33'),('c914ec61-d8b5-44a5-a9e1-37eb158bd6ee','Arrondissement Central','d369be81-9e03-4481-a072-e2d8a74d2062','2025-12-22 16:24:34','2025-12-22 16:24:34'),('cb61b51c-03fb-4eb2-8774-b0567dfcb128','Arrondissement Central','0b0adf69-d76a-470e-9058-232952593452','2025-12-22 16:24:33','2025-12-22 16:24:33'),('cc2e9941-6bb4-4ca2-a5fa-cb5bcf807433','Arrondissement Central','b90c77fb-791f-4813-a3a3-191ef5beeafe','2025-12-22 16:24:33','2025-12-22 16:24:33'),('ce124aa1-fd9f-48da-a716-c81670c4b1fe','Arrondissement Central','2b380022-9bb6-40f2-9f5a-613c42c9a6fc','2025-12-22 16:24:33','2025-12-22 16:24:33'),('d0fe2162-8045-408b-8a84-e2f23f866909','Arrondissement Central','94d981d7-eb68-4e05-bf80-25d2439e7f66','2025-12-22 16:24:33','2025-12-22 16:24:33'),('d21de3ea-6ed0-42f1-90aa-c9277bfe3213','Arrondissement Central','afc5052c-f5a5-4e5b-991a-921e836f7102','2025-12-22 16:24:33','2025-12-22 16:24:33'),('d3f6741b-3447-4788-ad0a-cdae3a4e3847','Arrondissement Central','cb3ed200-a773-4d83-bca2-5a29ec01be90','2025-12-22 16:24:34','2025-12-22 16:24:34'),('d49b37bd-0e36-4664-b7ca-324785fba898','Arrondissement Central','e02c1742-fec2-4eb2-9a02-5990f616138f','2025-12-22 16:24:34','2025-12-22 16:24:34'),('d6a57dd5-c9f1-4d24-9a47-f6401a9a8314','4e Arrondissement','cd706954-1190-448d-a1f3-f24708a9c2b1','2025-12-22 16:24:33','2025-12-22 16:24:33'),('d9a5a945-61d1-4be4-8ae7-d9c4a6fbe0d2','Arrondissement Central','25d18375-c05c-4cc5-85a1-729b61efd06c','2025-12-22 16:24:33','2025-12-22 16:24:33'),('e198ef1f-a7bb-446a-b0fb-3ad146ea75db','1er Arrondissement','cd706954-1190-448d-a1f3-f24708a9c2b1','2025-12-22 16:24:33','2025-12-22 16:24:33'),('e290b418-605b-48dc-a127-e0bff1abd64a','1er Arrondissement','6f7bc055-8446-4e61-869f-906c609b7a24','2025-12-22 16:24:33','2025-12-22 16:24:33'),('e5657be8-da09-4a20-b02d-83781222ad47','Arrondissement Central','abbd43e8-240f-4d7e-b2e4-f4fde96502b0','2025-12-22 16:24:33','2025-12-22 16:24:33'),('e5aecf66-9208-4f92-97cd-5fef7aecea8c','Arrondissement Central','0070ed8b-9f0a-4a5d-b3c2-a6b4296fec80','2025-12-22 16:24:33','2025-12-22 16:24:33'),('e80d8f00-8b3d-4540-8ebc-90b7653b881e','Arrondissement Central','74f3d0ab-d089-402d-84bd-394c715b8210','2025-12-22 16:24:33','2025-12-22 16:24:33'),('ea027301-c4ce-4b8d-adbd-1f89c569b3a1','5e Arrondissement','d134b7e8-807f-4976-b987-29f61d6d8d7c','2025-12-22 16:24:33','2025-12-22 16:24:33'),('eec0ff62-7550-4b2b-8b4f-2e2b38008ff2','Arrondissement Central','d2c0b120-d1be-4f75-afb9-708b71486060','2025-12-22 16:24:34','2025-12-22 16:24:34'),('fa3ad1cb-115f-42f4-b3b2-98c1909ea955','Arrondissement Central','eb275034-0efd-472a-8189-5c78bcc0c9fe','2025-12-22 16:24:34','2025-12-22 16:24:34'),('ffccdf0e-2308-4d50-8df8-f473b035e927','Arrondissement Central','ab02ea4c-2d4e-4244-8ac1-18589add6af7','2025-12-22 16:24:33','2025-12-22 16:24:33');
/*!40000 ALTER TABLE `arrondissements` ENABLE KEYS */;
UNLOCK TABLES;

--
-- Table structure for table `cache`
--

DROP TABLE IF EXISTS `cache`;
/*!40101 SET @saved_cs_client     = @@character_set_client */;
/*!50503 SET character_set_client = utf8mb4 */;
CREATE TABLE `cache` (
  `key` varchar(255) COLLATE utf8mb4_unicode_ci NOT NULL,
  `value` mediumtext COLLATE utf8mb4_unicode_ci NOT NULL,
  `expiration` int NOT NULL,
  PRIMARY KEY (`key`)
) ENGINE=InnoDB DEFAULT CHARSET=utf8mb4 COLLATE=utf8mb4_unicode_ci;
/*!40101 SET character_set_client = @saved_cs_client */;

--
-- Dumping data for table `cache`
--

LOCK TABLES `cache` WRITE;
/*!40000 ALTER TABLE `cache` DISABLE KEYS */;
/*!40000 ALTER TABLE `cache` ENABLE KEYS */;
UNLOCK TABLES;

--
-- Table structure for table `cache_locks`
--

DROP TABLE IF EXISTS `cache_locks`;
/*!40101 SET @saved_cs_client     = @@character_set_client */;
/*!50503 SET character_set_client = utf8mb4 */;
CREATE TABLE `cache_locks` (
  `key` varchar(255) COLLATE utf8mb4_unicode_ci NOT NULL,
  `owner` varchar(255) COLLATE utf8mb4_unicode_ci NOT NULL,
  `expiration` int NOT NULL,
  PRIMARY KEY (`key`)
) ENGINE=InnoDB DEFAULT CHARSET=utf8mb4 COLLATE=utf8mb4_unicode_ci;
/*!40101 SET character_set_client = @saved_cs_client */;

--
-- Dumping data for table `cache_locks`
--

LOCK TABLES `cache_locks` WRITE;
/*!40000 ALTER TABLE `cache_locks` DISABLE KEYS */;
/*!40000 ALTER TABLE `cache_locks` ENABLE KEYS */;
UNLOCK TABLES;

--
-- Table structure for table `citizens`
--

DROP TABLE IF EXISTS `citizens`;
/*!40101 SET @saved_cs_client     = @@character_set_client */;
/*!50503 SET character_set_client = utf8mb4 */;
CREATE TABLE `citizens` (
  `id` char(36) COLLATE utf8mb4_unicode_ci NOT NULL,
  `numero` varchar(255) COLLATE utf8mb4_unicode_ci NOT NULL,
  `nom` varchar(255) COLLATE utf8mb4_unicode_ci NOT NULL,
  `prenom` varchar(255) COLLATE utf8mb4_unicode_ci NOT NULL,
  `date_naissance` date NOT NULL,
  `lieu_naissance` varchar(255) COLLATE utf8mb4_unicode_ci NOT NULL,
  `nationalite` varchar(255) COLLATE utf8mb4_unicode_ci NOT NULL,
  `photo` varchar(255) COLLATE utf8mb4_unicode_ci NOT NULL,
  `email` varchar(255) COLLATE utf8mb4_unicode_ci NOT NULL,
  `phone` varchar(255) COLLATE utf8mb4_unicode_ci NOT NULL,
  `adresse` varchar(255) COLLATE utf8mb4_unicode_ci NOT NULL,
  `date_dexpire` date NOT NULL,
  `filiation` json NOT NULL,
  `commune_id` char(36) COLLATE utf8mb4_unicode_ci NOT NULL,
  `quartier_id` char(36) COLLATE utf8mb4_unicode_ci NOT NULL,
  `arrondissement_id` char(36) COLLATE utf8mb4_unicode_ci NOT NULL,
  `created_at` timestamp NULL DEFAULT NULL,
  `updated_at` timestamp NULL DEFAULT NULL,
  PRIMARY KEY (`id`),
  UNIQUE KEY `citizens_numero_unique` (`numero`),
  UNIQUE KEY `citizens_email_unique` (`email`),
  UNIQUE KEY `citizens_phone_unique` (`phone`),
  KEY `citizens_commune_id_foreign` (`commune_id`),
  KEY `citizens_quartier_id_foreign` (`quartier_id`),
  KEY `citizens_arrondissement_id_foreign` (`arrondissement_id`),
  CONSTRAINT `citizens_arrondissement_id_foreign` FOREIGN KEY (`arrondissement_id`) REFERENCES `arrondissements` (`id`) ON DELETE CASCADE,
  CONSTRAINT `citizens_commune_id_foreign` FOREIGN KEY (`commune_id`) REFERENCES `communes` (`id`) ON DELETE CASCADE,
  CONSTRAINT `citizens_quartier_id_foreign` FOREIGN KEY (`quartier_id`) REFERENCES `quartiers` (`id`) ON DELETE CASCADE
) ENGINE=InnoDB DEFAULT CHARSET=utf8mb4 COLLATE=utf8mb4_unicode_ci;
/*!40101 SET character_set_client = @saved_cs_client */;

--
-- Dumping data for table `citizens`
--

LOCK TABLES `citizens` WRITE;
/*!40000 ALTER TABLE `citizens` DISABLE KEYS */;
INSERT INTO `citizens` VALUES ('019b4c5f-92f2-7022-a31e-6d36239b94ba','CIT-20251223-85305','Hamid','BOUSSARI','2010-01-23','Cotonou','Béninoise','citizens/photos/hkRhqWqmASfyyQxg8pJDdzlLO7YvdbbQr6GLGGw1.jpg','axel.boussari1@gmail.com','0154330999','123 main street','2025-12-31','\"{\\\"parent1\\\":\\\"tesst tyyy\\\",\\\"parent2\\\":\\\"testyyy\\\"}\"','07936f0b-c119-4255-bc5d-538f0da7c99b','04fe558f-0a4e-4aca-a8d8-aa9d1bbd8707','079e6277-c304-4f96-984e-3eb3a9b61f2b','2025-12-23 17:01:30','2025-12-23 21:07:29');
/*!40000 ALTER TABLE `citizens` ENABLE KEYS */;
UNLOCK TABLES;

--
-- Table structure for table `communes`
--

DROP TABLE IF EXISTS `communes`;
/*!40101 SET @saved_cs_client     = @@character_set_client */;
/*!50503 SET character_set_client = utf8mb4 */;
CREATE TABLE `communes` (
  `id` char(36) COLLATE utf8mb4_unicode_ci NOT NULL,
  `nom_commune` varchar(255) COLLATE utf8mb4_unicode_ci NOT NULL,
  `departement_id` char(36) COLLATE utf8mb4_unicode_ci NOT NULL,
  `created_at` timestamp NULL DEFAULT NULL,
  `updated_at` timestamp NULL DEFAULT NULL,
  PRIMARY KEY (`id`),
  KEY `communes_departement_id_foreign` (`departement_id`),
  CONSTRAINT `communes_departement_id_foreign` FOREIGN KEY (`departement_id`) REFERENCES `departements` (`id`) ON DELETE CASCADE
) ENGINE=InnoDB DEFAULT CHARSET=utf8mb4 COLLATE=utf8mb4_unicode_ci;
/*!40101 SET character_set_client = @saved_cs_client */;

--
-- Dumping data for table `communes`
--

LOCK TABLES `communes` WRITE;
/*!40000 ALTER TABLE `communes` DISABLE KEYS */;
INSERT INTO `communes` VALUES ('0070ed8b-9f0a-4a5d-b3c2-a6b4296fec80','Savè','019b4717-5ed2-70f8-85b5-da74fab71b58','2025-12-22 16:24:32','2025-12-22 16:24:32'),('03946f15-9bad-4b82-9583-fa050651c696','Bonou','019b4717-5eb9-70b9-9b88-e2b2997d2914','2025-12-22 16:24:32','2025-12-22 16:24:32'),('07936f0b-c119-4255-bc5d-538f0da7c99b','Tchaourou','019b4717-5ed9-7072-a795-41af2f61de7a','2025-12-22 16:24:33','2025-12-22 16:24:33'),('0b0adf69-d76a-470e-9058-232952593452','Toffo','019b4717-5eb1-71d8-90a3-99035d34b8ed','2025-12-22 16:24:32','2025-12-22 16:24:32'),('0cc795c5-ae5c-41da-a2f4-10d0421363db','Dogbo','019b4717-5f03-739c-abb9-a29ee64eb642','2025-12-22 16:24:33','2025-12-22 16:24:33'),('0fdae53d-2850-428f-974d-821dc186a6f2','Lalo','019b4717-5f03-739c-abb9-a29ee64eb642','2025-12-22 16:24:33','2025-12-22 16:24:33'),('12cec7eb-acae-4600-9831-365f9b80be72','Toviklin','019b4717-5f03-739c-abb9-a29ee64eb642','2025-12-22 16:24:33','2025-12-22 16:24:33'),('12ec2197-e9c1-4c76-a3c9-3792bc99372e','Parakou','019b4717-5ed9-7072-a795-41af2f61de7a','2025-12-22 16:24:33','2025-12-22 16:24:33'),('17c929c8-4d33-4675-a6e1-7c5bc245153f','Pehonko','019b4717-5eee-701d-adaf-fb4d5fc1fbbe','2025-12-22 16:24:33','2025-12-22 16:24:33'),('1b5bc899-73e5-4166-b6dc-b468b6bca4e7','Malanville','019b4717-5ee7-72e2-8e6b-3ee312299eea','2025-12-22 16:24:33','2025-12-22 16:24:33'),('1be18cf3-e4af-410e-bd6c-07221093f474','Adjohoun','019b4717-5eb9-70b9-9b88-e2b2997d2914','2025-12-22 16:24:32','2025-12-22 16:24:32'),('21513ec1-8c48-4a16-85ba-74fd0cb0c5bc','Za-Kpota','019b4717-5eca-7061-a327-4469823d86b5','2025-12-22 16:24:32','2025-12-22 16:24:32'),('25d18375-c05c-4cc5-85a1-729b61efd06c','Bembèrèkè','019b4717-5ed9-7072-a795-41af2f61de7a','2025-12-22 16:24:32','2025-12-22 16:24:32'),('2a84ad0c-052d-4800-86f1-17461204be30','Aplahoué','019b4717-5f03-739c-abb9-a29ee64eb642','2025-12-22 16:24:33','2025-12-22 16:24:33'),('2b380022-9bb6-40f2-9f5a-613c42c9a6fc','Allada','019b4717-5eb1-71d8-90a3-99035d34b8ed','2025-12-22 16:24:32','2025-12-22 16:24:32'),('2e3c738d-9f05-42c9-aeb4-52e632ea92de','Akpro-Missérété','019b4717-5eb9-70b9-9b88-e2b2997d2914','2025-12-22 16:24:32','2025-12-22 16:24:32'),('3288a000-1467-47f4-86d7-627e7be4cc7c','Nikki','019b4717-5ed9-7072-a795-41af2f61de7a','2025-12-22 16:24:33','2025-12-22 16:24:33'),('3be50231-f549-46c1-9807-a4a84bae8a0d','Sakété','019b4717-5ec1-700e-9597-ce4dad4644d7','2025-12-22 16:24:32','2025-12-22 16:24:32'),('3dbdbde1-0be0-437f-b47a-9bf475774274','Copargo','019b4717-5ef6-713b-95a7-c80cafd54fcb','2025-12-22 16:24:33','2025-12-22 16:24:33'),('41188550-3f08-49e0-ab80-d0e771113111','Covè','019b4717-5eca-7061-a327-4469823d86b5','2025-12-22 16:24:32','2025-12-22 16:24:32'),('467d1b38-08e1-4645-a251-164aa5e55609','Kouandé','019b4717-5eee-701d-adaf-fb4d5fc1fbbe','2025-12-22 16:24:33','2025-12-22 16:24:33'),('4a0d841f-4242-4086-9515-04d5c76bb53b','Ifangni','019b4717-5ec1-700e-9597-ce4dad4644d7','2025-12-22 16:24:32','2025-12-22 16:24:32'),('53f9e53a-efdd-461b-afbe-59a7830d7069','Glazoué','019b4717-5ed2-70f8-85b5-da74fab71b58','2025-12-22 16:24:32','2025-12-22 16:24:32'),('54030325-1d8c-4c53-87b1-6e4b953294cb','N\'Dali','019b4717-5ed9-7072-a795-41af2f61de7a','2025-12-22 16:24:33','2025-12-22 16:24:33'),('5f2ceac9-f143-4ff4-93c9-27e1c8ce5e0d','Ségbana','019b4717-5ee7-72e2-8e6b-3ee312299eea','2025-12-22 16:24:33','2025-12-22 16:24:33'),('601166a8-0672-4bf3-b44c-776d67a9091c','Zè','019b4717-5eb1-71d8-90a3-99035d34b8ed','2025-12-22 16:24:32','2025-12-22 16:24:32'),('61dde0c6-a854-4eb8-9d5b-805a949c4ff9','Kandi','019b4717-5ee7-72e2-8e6b-3ee312299eea','2025-12-22 16:24:33','2025-12-22 16:24:33'),('6f7bc055-8446-4e61-869f-906c609b7a24','Porto-Novo','019b4717-5eb9-70b9-9b88-e2b2997d2914','2025-12-22 16:24:32','2025-12-22 16:24:32'),('734381d1-1b0b-442c-adbd-2d22fab89eae','Toucountouna','019b4717-5eee-701d-adaf-fb4d5fc1fbbe','2025-12-22 16:24:33','2025-12-22 16:24:33'),('74f3d0ab-d089-402d-84bd-394c715b8210','Athiémè','019b4717-5efd-704d-a68f-831e2ee62a76','2025-12-22 16:24:33','2025-12-22 16:24:33'),('7e7204da-7f05-4b08-bb5c-68e9096f530f','Pobè','019b4717-5ec1-700e-9597-ce4dad4644d7','2025-12-22 16:24:32','2025-12-22 16:24:32'),('8717c95c-94df-4c51-ba52-3fdde41147a4','Sèmè-Kpodji','019b4717-5eb9-70b9-9b88-e2b2997d2914','2025-12-22 16:24:32','2025-12-22 16:24:32'),('8934f7c9-4f41-4176-8a22-381d0ce80d54','Bohicon','019b4717-5eca-7061-a327-4469823d86b5','2025-12-22 16:24:32','2025-12-22 16:24:32'),('89711e02-6389-43b4-87eb-b22fd432738e','Kérou','019b4717-5eee-701d-adaf-fb4d5fc1fbbe','2025-12-22 16:24:33','2025-12-22 16:24:33'),('897e4577-dbf7-4cf2-8342-a137fcfe9cdb','Sinendé','019b4717-5ed9-7072-a795-41af2f61de7a','2025-12-22 16:24:33','2025-12-22 16:24:33'),('8be28d90-d1a2-4c90-ab4c-7b7a9c496f20','Djougou','019b4717-5ef6-713b-95a7-c80cafd54fcb','2025-12-22 16:24:33','2025-12-22 16:24:33'),('8e8c68a0-3300-4da7-9c37-0f1ae53389ec','Abomey','019b4717-5eca-7061-a327-4469823d86b5','2025-12-22 16:24:32','2025-12-22 16:24:32'),('94a19838-5084-46c6-9847-92a82e3ab952','Aguégués','019b4717-5eb9-70b9-9b88-e2b2997d2914','2025-12-22 16:24:32','2025-12-22 16:24:32'),('94d981d7-eb68-4e05-bf80-25d2439e7f66','Bantè','019b4717-5ed2-70f8-85b5-da74fab71b58','2025-12-22 16:24:32','2025-12-22 16:24:32'),('964fab10-c5ef-46ea-a516-4bbfae1ed75a','Djidja','019b4717-5eca-7061-a327-4469823d86b5','2025-12-22 16:24:32','2025-12-22 16:24:32'),('98d36965-4be3-4a3e-bedd-ada22bcb637e','Sô-Ava','019b4717-5eb1-71d8-90a3-99035d34b8ed','2025-12-22 16:24:32','2025-12-22 16:24:32'),('9c6d2b23-255e-452c-80e5-38f6204f7454','Adjarra','019b4717-5eb9-70b9-9b88-e2b2997d2914','2025-12-22 16:24:32','2025-12-22 16:24:32'),('9d694284-54f5-4616-8138-a0fce5fb11d4','Avrankou','019b4717-5eb9-70b9-9b88-e2b2997d2914','2025-12-22 16:24:32','2025-12-22 16:24:32'),('9dcb7b11-2ee9-4047-834a-e6a284719380','Pèrèrè','019b4717-5ed9-7072-a795-41af2f61de7a','2025-12-22 16:24:33','2025-12-22 16:24:33'),('9fcd0f77-fd20-4deb-9683-b2e55c62060d','Boukoumbé','019b4717-5eee-701d-adaf-fb4d5fc1fbbe','2025-12-22 16:24:33','2025-12-22 16:24:33'),('ab02ea4c-2d4e-4244-8ac1-18589add6af7','Klouékanmè','019b4717-5f03-739c-abb9-a29ee64eb642','2025-12-22 16:24:33','2025-12-22 16:24:33'),('abbd43e8-240f-4d7e-b2e4-f4fde96502b0','Savalou','019b4717-5ed2-70f8-85b5-da74fab71b58','2025-12-22 16:24:32','2025-12-22 16:24:32'),('afc5052c-f5a5-4e5b-991a-921e836f7102','Dassa-Zoumè','019b4717-5ed2-70f8-85b5-da74fab71b58','2025-12-22 16:24:32','2025-12-22 16:24:32'),('b8edaadd-07f7-4eec-8990-72c4e4319cf2','Bassila','019b4717-5ef6-713b-95a7-c80cafd54fcb','2025-12-22 16:24:33','2025-12-22 16:24:33'),('b90c77fb-791f-4813-a3a3-191ef5beeafe','Adja-Ouèrè','019b4717-5ec1-700e-9597-ce4dad4644d7','2025-12-22 16:24:32','2025-12-22 16:24:32'),('b9750e03-bb5d-4fb8-b1db-589ed67b47ac','Ouidah','019b4717-5eb1-71d8-90a3-99035d34b8ed','2025-12-22 16:24:32','2025-12-22 16:24:32'),('ba483732-de53-429f-aa2d-168d2bc14cb2','Ouinhi','019b4717-5eca-7061-a327-4469823d86b5','2025-12-22 16:24:32','2025-12-22 16:24:32'),('c9249c59-37c0-4e5f-8d64-12129d02f2f2','Grand-Popo','019b4717-5efd-704d-a68f-831e2ee62a76','2025-12-22 16:24:33','2025-12-22 16:24:33'),('cb3ed200-a773-4d83-bca2-5a29ec01be90','Houéyogbé','019b4717-5efd-704d-a68f-831e2ee62a76','2025-12-22 16:24:33','2025-12-22 16:24:33'),('ccbbb107-1ef6-4a70-af21-17a5051f41dc','Kétou','019b4717-5ec1-700e-9597-ce4dad4644d7','2025-12-22 16:24:32','2025-12-22 16:24:32'),('cd706954-1190-448d-a1f3-f24708a9c2b1','Abomey-Calavi','019b4717-5eb1-71d8-90a3-99035d34b8ed','2025-12-22 16:24:32','2025-12-22 16:24:32'),('d00fdee0-a6f5-42ef-ab0d-56f26e74f150','Karimama','019b4717-5ee7-72e2-8e6b-3ee312299eea','2025-12-22 16:24:33','2025-12-22 16:24:33'),('d134b7e8-807f-4976-b987-29f61d6d8d7c','Cotonou','019b4717-5ea0-73e1-b024-519d319322ab','2025-12-22 16:24:32','2025-12-22 16:24:32'),('d2c0b120-d1be-4f75-afb9-708b71486060','Natitingou','019b4717-5eee-701d-adaf-fb4d5fc1fbbe','2025-12-22 16:24:33','2025-12-22 16:24:33'),('d369be81-9e03-4481-a072-e2d8a74d2062','Ouaké','019b4717-5ef6-713b-95a7-c80cafd54fcb','2025-12-22 16:24:33','2025-12-22 16:24:33'),('d78b27a2-d745-4f8f-ada0-005ea18a0c32','Cobly','019b4717-5eee-701d-adaf-fb4d5fc1fbbe','2025-12-22 16:24:33','2025-12-22 16:24:33'),('da0d0948-3353-48a7-b7f2-560a4ef65b9f','Bopa','019b4717-5efd-704d-a68f-831e2ee62a76','2025-12-22 16:24:33','2025-12-22 16:24:33'),('e0227fea-d725-433b-b887-f9d02e55802b','Lokossa','019b4717-5efd-704d-a68f-831e2ee62a76','2025-12-22 16:24:33','2025-12-22 16:24:33'),('e02c1742-fec2-4eb2-9a02-5990f616138f','Zagnanado','019b4717-5eca-7061-a327-4469823d86b5','2025-12-22 16:24:32','2025-12-22 16:24:32'),('e3a1eb18-b8a0-430f-abaa-9b4a6fbd8db9','Dangbo','019b4717-5eb9-70b9-9b88-e2b2997d2914','2025-12-22 16:24:32','2025-12-22 16:24:32'),('e3f01104-a11c-4753-a11f-bd292eb2a7c1','Djakotomey','019b4717-5f03-739c-abb9-a29ee64eb642','2025-12-22 16:24:33','2025-12-22 16:24:33'),('eb275034-0efd-472a-8189-5c78bcc0c9fe','Tori-Bossito','019b4717-5eb1-71d8-90a3-99035d34b8ed','2025-12-22 16:24:32','2025-12-22 16:24:32'),('ebba9782-d4fd-4e15-9ea7-f6a6ee0fc497','Comè','019b4717-5efd-704d-a68f-831e2ee62a76','2025-12-22 16:24:33','2025-12-22 16:24:33'),('ee14e583-423f-49dd-bfa2-c5bd32ddfc7b','Banikoara','019b4717-5ee7-72e2-8e6b-3ee312299eea','2025-12-22 16:24:33','2025-12-22 16:24:33'),('ee6e06ef-3d77-4491-b171-c81216cf3f57','Agbangnizoun','019b4717-5eca-7061-a327-4469823d86b5','2025-12-22 16:24:32','2025-12-22 16:24:32'),('f1e25d5d-5df5-4840-a458-d76c65015b16','Matéri','019b4717-5eee-701d-adaf-fb4d5fc1fbbe','2025-12-22 16:24:33','2025-12-22 16:24:33'),('f2a9dffa-7abb-4330-98eb-cef08cc9ffbf','Ouèssè','019b4717-5ed2-70f8-85b5-da74fab71b58','2025-12-22 16:24:32','2025-12-22 16:24:32'),('f3720d53-b35e-4d5a-8c9b-f9b3c6f27a5e','Zoogbodomey','019b4717-5eca-7061-a327-4469823d86b5','2025-12-22 16:24:32','2025-12-22 16:24:32'),('f731d452-96ec-4742-b696-802bfce6ab5b','Kpomassè','019b4717-5eb1-71d8-90a3-99035d34b8ed','2025-12-22 16:24:32','2025-12-22 16:24:32'),('f904ad13-bbd9-41d2-929e-e2101dfe22b4','Kalalé','019b4717-5ed9-7072-a795-41af2f61de7a','2025-12-22 16:24:32','2025-12-22 16:24:32'),('f9d775ce-78ef-4009-89dc-41c0ba74ec9d','Tanguiéta','019b4717-5eee-701d-adaf-fb4d5fc1fbbe','2025-12-22 16:24:33','2025-12-22 16:24:33'),('fcd1a400-42ca-42e6-a9ca-e825f0644750','Gogounou','019b4717-5ee7-72e2-8e6b-3ee312299eea','2025-12-22 16:24:33','2025-12-22 16:24:33');
/*!40000 ALTER TABLE `communes` ENABLE KEYS */;
UNLOCK TABLES;

--
-- Table structure for table `departements`
--

DROP TABLE IF EXISTS `departements`;
/*!40101 SET @saved_cs_client     = @@character_set_client */;
/*!50503 SET character_set_client = utf8mb4 */;
CREATE TABLE `departements` (
  `id` char(36) COLLATE utf8mb4_unicode_ci NOT NULL,
  `nom_departement` varchar(255) COLLATE utf8mb4_unicode_ci NOT NULL,
  `created_at` timestamp NULL DEFAULT NULL,
  `updated_at` timestamp NULL DEFAULT NULL,
  PRIMARY KEY (`id`)
) ENGINE=InnoDB DEFAULT CHARSET=utf8mb4 COLLATE=utf8mb4_unicode_ci;
/*!40101 SET character_set_client = @saved_cs_client */;

--
-- Dumping data for table `departements`
--

LOCK TABLES `departements` WRITE;
/*!40000 ALTER TABLE `departements` DISABLE KEYS */;
INSERT INTO `departements` VALUES ('019b4717-5ea0-73e1-b024-519d319322ab','Littoral','2025-12-22 16:24:32','2025-12-22 16:24:32'),('019b4717-5eb1-71d8-90a3-99035d34b8ed','Atlantique','2025-12-22 16:24:32','2025-12-22 16:24:32'),('019b4717-5eb9-70b9-9b88-e2b2997d2914','Ouémé','2025-12-22 16:24:32','2025-12-22 16:24:32'),('019b4717-5ec1-700e-9597-ce4dad4644d7','Plateau','2025-12-22 16:24:32','2025-12-22 16:24:32'),('019b4717-5eca-7061-a327-4469823d86b5','Zou','2025-12-22 16:24:32','2025-12-22 16:24:32'),('019b4717-5ed2-70f8-85b5-da74fab71b58','Collines','2025-12-22 16:24:32','2025-12-22 16:24:32'),('019b4717-5ed9-7072-a795-41af2f61de7a','Borgou','2025-12-22 16:24:32','2025-12-22 16:24:32'),('019b4717-5ee7-72e2-8e6b-3ee312299eea','Alibori','2025-12-22 16:24:32','2025-12-22 16:24:32'),('019b4717-5eee-701d-adaf-fb4d5fc1fbbe','Atacora','2025-12-22 16:24:32','2025-12-22 16:24:32'),('019b4717-5ef6-713b-95a7-c80cafd54fcb','Donga','2025-12-22 16:24:32','2025-12-22 16:24:32'),('019b4717-5efd-704d-a68f-831e2ee62a76','Mono','2025-12-22 16:24:32','2025-12-22 16:24:32'),('019b4717-5f03-739c-abb9-a29ee64eb642','Couffo','2025-12-22 16:24:32','2025-12-22 16:24:32');
/*!40000 ALTER TABLE `departements` ENABLE KEYS */;
UNLOCK TABLES;

--
-- Table structure for table `failed_jobs`
--

DROP TABLE IF EXISTS `failed_jobs`;
/*!40101 SET @saved_cs_client     = @@character_set_client */;
/*!50503 SET character_set_client = utf8mb4 */;
CREATE TABLE `failed_jobs` (
  `id` bigint unsigned NOT NULL AUTO_INCREMENT,
  `uuid` varchar(255) COLLATE utf8mb4_unicode_ci NOT NULL,
  `connection` text COLLATE utf8mb4_unicode_ci NOT NULL,
  `queue` text COLLATE utf8mb4_unicode_ci NOT NULL,
  `payload` longtext COLLATE utf8mb4_unicode_ci NOT NULL,
  `exception` longtext COLLATE utf8mb4_unicode_ci NOT NULL,
  `failed_at` timestamp NOT NULL DEFAULT CURRENT_TIMESTAMP,
  PRIMARY KEY (`id`),
  UNIQUE KEY `failed_jobs_uuid_unique` (`uuid`)
) ENGINE=InnoDB DEFAULT CHARSET=utf8mb4 COLLATE=utf8mb4_unicode_ci;
/*!40101 SET character_set_client = @saved_cs_client */;

--
-- Dumping data for table `failed_jobs`
--

LOCK TABLES `failed_jobs` WRITE;
/*!40000 ALTER TABLE `failed_jobs` DISABLE KEYS */;
/*!40000 ALTER TABLE `failed_jobs` ENABLE KEYS */;
UNLOCK TABLES;

--
-- Table structure for table `job_batches`
--

DROP TABLE IF EXISTS `job_batches`;
/*!40101 SET @saved_cs_client     = @@character_set_client */;
/*!50503 SET character_set_client = utf8mb4 */;
CREATE TABLE `job_batches` (
  `id` varchar(255) COLLATE utf8mb4_unicode_ci NOT NULL,
  `name` varchar(255) COLLATE utf8mb4_unicode_ci NOT NULL,
  `total_jobs` int NOT NULL,
  `pending_jobs` int NOT NULL,
  `failed_jobs` int NOT NULL,
  `failed_job_ids` longtext COLLATE utf8mb4_unicode_ci NOT NULL,
  `options` mediumtext COLLATE utf8mb4_unicode_ci,
  `cancelled_at` int DEFAULT NULL,
  `created_at` int NOT NULL,
  `finished_at` int DEFAULT NULL,
  PRIMARY KEY (`id`)
) ENGINE=InnoDB DEFAULT CHARSET=utf8mb4 COLLATE=utf8mb4_unicode_ci;
/*!40101 SET character_set_client = @saved_cs_client */;

--
-- Dumping data for table `job_batches`
--

LOCK TABLES `job_batches` WRITE;
/*!40000 ALTER TABLE `job_batches` DISABLE KEYS */;
/*!40000 ALTER TABLE `job_batches` ENABLE KEYS */;
UNLOCK TABLES;

--
-- Table structure for table `jobs`
--

DROP TABLE IF EXISTS `jobs`;
/*!40101 SET @saved_cs_client     = @@character_set_client */;
/*!50503 SET character_set_client = utf8mb4 */;
CREATE TABLE `jobs` (
  `id` bigint unsigned NOT NULL AUTO_INCREMENT,
  `queue` varchar(255) COLLATE utf8mb4_unicode_ci NOT NULL,
  `payload` longtext COLLATE utf8mb4_unicode_ci NOT NULL,
  `attempts` tinyint unsigned NOT NULL,
  `reserved_at` int unsigned DEFAULT NULL,
  `available_at` int unsigned NOT NULL,
  `created_at` int unsigned NOT NULL,
  PRIMARY KEY (`id`),
  KEY `jobs_queue_index` (`queue`)
) ENGINE=InnoDB DEFAULT CHARSET=utf8mb4 COLLATE=utf8mb4_unicode_ci;
/*!40101 SET character_set_client = @saved_cs_client */;

--
-- Dumping data for table `jobs`
--

LOCK TABLES `jobs` WRITE;
/*!40000 ALTER TABLE `jobs` DISABLE KEYS */;
/*!40000 ALTER TABLE `jobs` ENABLE KEYS */;
UNLOCK TABLES;

--
-- Table structure for table `migrations`
--

DROP TABLE IF EXISTS `migrations`;
/*!40101 SET @saved_cs_client     = @@character_set_client */;
/*!50503 SET character_set_client = utf8mb4 */;
CREATE TABLE `migrations` (
  `id` int unsigned NOT NULL AUTO_INCREMENT,
  `migration` varchar(255) COLLATE utf8mb4_unicode_ci NOT NULL,
  `batch` int NOT NULL,
  PRIMARY KEY (`id`)
) ENGINE=InnoDB AUTO_INCREMENT=105 DEFAULT CHARSET=utf8mb4 COLLATE=utf8mb4_unicode_ci;
/*!40101 SET character_set_client = @saved_cs_client */;

--
-- Dumping data for table `migrations`
--

LOCK TABLES `migrations` WRITE;
/*!40000 ALTER TABLE `migrations` DISABLE KEYS */;
INSERT INTO `migrations` VALUES (97,'0001_01_01_000000_create_departements_table',1),(98,'0001_01_01_000000_create_users_table',1),(99,'0001_01_01_000001_create_cache_table',1),(100,'0001_01_01_000001_create_communes_table',1),(101,'0001_01_01_000002_create_jobs_table',1),(102,'0001_01_01_000012_create_arrondissements_table',1),(103,'0001_01_01_000013_create_quartiers_table',1),(104,'0001_01_01_000014_create_citizens_table',1);
/*!40000 ALTER TABLE `migrations` ENABLE KEYS */;
UNLOCK TABLES;

--
-- Table structure for table `password_reset_tokens`
--

DROP TABLE IF EXISTS `password_reset_tokens`;
/*!40101 SET @saved_cs_client     = @@character_set_client */;
/*!50503 SET character_set_client = utf8mb4 */;
CREATE TABLE `password_reset_tokens` (
  `email` varchar(255) COLLATE utf8mb4_unicode_ci NOT NULL,
  `token` varchar(255) COLLATE utf8mb4_unicode_ci NOT NULL,
  `created_at` timestamp NULL DEFAULT NULL,
  PRIMARY KEY (`email`)
) ENGINE=InnoDB DEFAULT CHARSET=utf8mb4 COLLATE=utf8mb4_unicode_ci;
/*!40101 SET character_set_client = @saved_cs_client */;

--
-- Dumping data for table `password_reset_tokens`
--

LOCK TABLES `password_reset_tokens` WRITE;
/*!40000 ALTER TABLE `password_reset_tokens` DISABLE KEYS */;
/*!40000 ALTER TABLE `password_reset_tokens` ENABLE KEYS */;
UNLOCK TABLES;

--
-- Table structure for table `quartiers`
--

DROP TABLE IF EXISTS `quartiers`;
/*!40101 SET @saved_cs_client     = @@character_set_client */;
/*!50503 SET character_set_client = utf8mb4 */;
CREATE TABLE `quartiers` (
  `id` char(36) COLLATE utf8mb4_unicode_ci NOT NULL,
  `nom_quartier` varchar(255) COLLATE utf8mb4_unicode_ci NOT NULL,
  `arrondissement_id` char(36) COLLATE utf8mb4_unicode_ci NOT NULL,
  `created_at` timestamp NULL DEFAULT NULL,
  `updated_at` timestamp NULL DEFAULT NULL,
  PRIMARY KEY (`id`),
  KEY `quartiers_arrondissement_id_foreign` (`arrondissement_id`),
  CONSTRAINT `quartiers_arrondissement_id_foreign` FOREIGN KEY (`arrondissement_id`) REFERENCES `arrondissements` (`id`) ON DELETE CASCADE
) ENGINE=InnoDB DEFAULT CHARSET=utf8mb4 COLLATE=utf8mb4_unicode_ci;
/*!40101 SET character_set_client = @saved_cs_client */;

--
-- Dumping data for table `quartiers`
--

LOCK TABLES `quartiers` WRITE;
/*!40000 ALTER TABLE `quartiers` DISABLE KEYS */;
INSERT INTO `quartiers` VALUES ('00067139-47d5-44f8-869b-3d443032432e','Agbokou Sud','827f9f0c-3c5e-43d3-89db-3d944f3cb5ae','2025-12-22 16:24:36','2025-12-22 16:24:36'),('00976bf6-e104-4c3b-a30f-37cfe50ff54b','Cadjehoun Sud','d9a5a945-61d1-4be4-8ae7-d9c4a6fbe0d2','2025-12-22 16:24:38','2025-12-22 16:24:38'),('01ab6f3e-5ff1-4578-b9d9-81765bd0210b','Togba Ouest','6525a383-01c0-4f19-a27a-50e267c833e6','2025-12-22 16:24:36','2025-12-22 16:24:36'),('0327376d-1066-4408-be21-7664c87f8e6b','Sakété Centre Est','c914ec61-d8b5-44a5-a9e1-37eb158bd6ee','2025-12-22 16:24:37','2025-12-22 16:24:37'),('033309ff-8dac-4f63-85db-c2f16264a249','Ganhi Centre','c85d6dce-1795-4fe6-859d-b7fcf5e09104','2025-12-22 16:24:37','2025-12-22 16:24:37'),('0377f0de-49b1-4865-b2a0-31b3db52a3a0','Djougou Centre','013ae7dd-c574-4a66-ba88-859b557bcb6b','2025-12-22 16:24:34','2025-12-22 16:24:34'),('03b79bb4-c4a3-42e2-bd64-e640beb9cdf9','Agbokou','577a5d33-6a4a-44f1-a5dd-e0fbfadbe94f','2025-12-22 16:24:35','2025-12-22 16:24:35'),('03d3ebe7-abf0-4212-a24e-dcc61bb6ed96','Abomey-Calavi Centre Est','72d9b2e3-333d-4b89-af40-1a5c3f4269fb','2025-12-22 16:24:36','2025-12-22 16:24:36'),('03f56385-32d6-4798-826c-3a3656b20029','Parakou Centre Sud','90dcc77f-bb9d-4d42-b226-35f6f102bbfb','2025-12-22 16:24:37','2025-12-22 16:24:37'),('044c879e-e1c2-4e30-b403-e3f7d6947220','Godomey Sud','35e1f32b-9f6d-4867-a83a-11c22efb1bf5','2025-12-22 16:24:35','2025-12-22 16:24:35'),('04dda34d-4216-42e3-94c5-09a1e1a76280','Togba Centre','e5657be8-da09-4a20-b02d-83781222ad47','2025-12-22 16:24:38','2025-12-22 16:24:38'),('04e5adfa-8efe-47cd-8e86-f0febb5b4cb7','Agbokou Est','07851e59-70da-4d5c-9e44-7278bafccb5f','2025-12-22 16:24:34','2025-12-22 16:24:34'),('04f5ad6e-7d9a-4ce5-9e65-5970ead920a6','Togba','1fc72e6c-6a5b-4986-a075-9126e158f9eb','2025-12-22 16:24:34','2025-12-22 16:24:34'),('04fe558f-0a4e-4aca-a8d8-aa9d1bbd8707','Bohicon Centre Sud','079e6277-c304-4f96-984e-3eb3a9b61f2b','2025-12-22 16:24:34','2025-12-22 16:24:34'),('0571733d-cd71-46bb-b803-7094156d5402','Natitingou Centre Est','5d9aedfd-1a0c-4c07-8cff-739d8ca252c5','2025-12-22 16:24:36','2025-12-22 16:24:36'),('05d6ce9d-263c-472a-8e86-a430c4e67bce','Missessin','e198ef1f-a7bb-446a-b0fb-3ad146ea75db','2025-12-22 16:24:38','2025-12-22 16:24:38'),('0808cb2d-3466-4dde-827e-b03b6354e6e0','Pahou Sud','b327f278-935b-44e8-93c0-1cedcc49a5f0','2025-12-22 16:24:37','2025-12-22 16:24:37'),('08bfa6ae-4c90-4c66-81db-8ccbac5d5221','Kétou Centre Extension','898dcf2e-988d-4f27-8f83-b885455fd67a','2025-12-22 16:24:36','2025-12-22 16:24:36'),('098cae8b-e743-4148-a215-68dcabb3cd82','Bopa Centre Ouest','827f9f0c-3c5e-43d3-89db-3d944f3cb5ae','2025-12-22 16:24:36','2025-12-22 16:24:36'),('09faeece-ca7f-4747-9c8c-877f3d09e75e','Agbokou Est','1978e191-f3b3-4cfb-b0ae-440cd7ccb5af','2025-12-22 16:24:34','2025-12-22 16:24:34'),('0a924843-2a27-400f-b915-164dd492fcf5','Porto-Novo Centre Ouest','a6dfb0f5-11c3-4b6c-8a8b-cc87c49f81f7','2025-12-22 16:24:37','2025-12-22 16:24:37'),('0ab9894b-bacf-40a8-ba19-23168e4a9434','Abomey Centre Ouest','1fc72e6c-6a5b-4986-a075-9126e158f9eb','2025-12-22 16:24:35','2025-12-22 16:24:35'),('0b546c47-5fa1-4ea6-8bb6-aa77acdd4216','Zogbo Ouest','d0fe2162-8045-408b-8a84-e2f23f866909','2025-12-22 16:24:38','2025-12-22 16:24:38'),('0b8c15e9-2d26-41f6-b296-ce2c1f50f892','Kétou Centre Est','8236a97a-7b01-4b72-a187-aeac5fffc88d','2025-12-22 16:24:36','2025-12-22 16:24:36'),('0c707a31-c86a-4293-bdcc-a959e63fb024','Kandi Centre Est','98364567-3867-49fb-ae6c-59c7d223b739','2025-12-22 16:24:37','2025-12-22 16:24:37'),('0e9c6283-484c-4e4d-af24-3416ec7e1a45','Allada Centre Est','3aa32da5-54be-401e-84b4-ba7f6a82417e','2025-12-22 16:24:35','2025-12-22 16:24:35'),('11389211-8f14-4faf-959e-a44e073e42a8','Grand-Popo Centre','eec0ff62-7550-4b2b-8b4f-2e2b38008ff2','2025-12-22 16:24:38','2025-12-22 16:24:38'),('1138e942-7a3e-4cf3-8164-0dd0695396d9','Agbokou','9e4b3f78-bff3-4241-9d13-3cb455f96484','2025-12-22 16:24:37','2025-12-22 16:24:37'),('124410df-fb24-4ae8-9ab4-40ea08f886d5','Agbokou Sud','349ec126-d07c-4b5c-9da1-ef98d3a00686','2025-12-22 16:24:35','2025-12-22 16:24:35'),('1303555c-3917-49e1-8030-e8aac61faf6a','Hêvié Est','1a60dc2c-252e-409b-8abc-2cd7166d993a','2025-12-22 16:24:34','2025-12-22 16:24:34'),('13276349-663f-4366-bd22-7e91529ca2c7','Cadjehoun Est','d21de3ea-6ed0-42f1-90aa-c9277bfe3213','2025-12-22 16:24:38','2025-12-22 16:24:38'),('139ba628-2524-4de9-9ca3-8d9677957c38','Agbokou','d9a5a945-61d1-4be4-8ae7-d9c4a6fbe0d2','2025-12-22 16:24:38','2025-12-22 16:24:38'),('1577f577-075e-4c54-9859-58e348d5860e','Hêvié Ouest','99d22cd5-ee39-4335-9070-8b46ab54b2a1','2025-12-22 16:24:37','2025-12-22 16:24:37'),('15c02183-ac6e-4240-9ed0-e582c2bab7c3','Allada Centre','c914ec61-d8b5-44a5-a9e1-37eb158bd6ee','2025-12-22 16:24:37','2025-12-22 16:24:37'),('160677b3-3ed8-43ad-acb4-fe08abf5ad09','Tchaourou Centre Ouest','59d23dcd-4e77-4e12-a511-0fe51e8ee3cc','2025-12-22 16:24:36','2025-12-22 16:24:36'),('1624c862-71ac-40cb-9012-d7b72fa62636','Sakété Centre Est','82ee8b03-84da-4bec-8031-934d70541c9d','2025-12-22 16:24:36','2025-12-22 16:24:36'),('1658a2a3-2499-47d2-873d-9c9c4d089f3e','Savalou Centre Est','49814d52-1d13-4393-a0c6-05286e922671','2025-12-22 16:24:35','2025-12-22 16:24:35'),('1693323a-0b28-4762-b8ca-b02e1b20b6d1','Lokossa Centre','5d9aedfd-1a0c-4c07-8cff-739d8ca252c5','2025-12-22 16:24:36','2025-12-22 16:24:36'),('16bfa7e4-bb09-47a1-a8c7-11e479b30955','Porto-Novo Centre Sud','1978e191-f3b3-4cfb-b0ae-440cd7ccb5af','2025-12-22 16:24:34','2025-12-22 16:24:34'),('17561d30-4ebf-4784-b790-fcd069913873','Porto-Novo Centre Sud','4d3b7b3a-c0be-4976-98c6-b69a64aed647','2025-12-22 16:24:35','2025-12-22 16:24:35'),('179c0481-65bf-4650-8acd-51ecdd71c757','Savalou Centre Est','3611dc02-be9d-4580-b481-89f4a8b66ac4','2025-12-22 16:24:35','2025-12-22 16:24:35'),('1848c8ec-3fb3-4a8b-a34a-69a2482fca43','Djègbadji Centre','d0fe2162-8045-408b-8a84-e2f23f866909','2025-12-22 16:24:38','2025-12-22 16:24:38'),('185e239e-791d-4fbd-9116-c13e7313d291','Natitingou Centre Centre','1a60dc2c-252e-409b-8abc-2cd7166d993a','2025-12-22 16:24:34','2025-12-22 16:24:34'),('1a4ed878-1042-4707-bdc4-e9e1079f147a','Bohicon Centre','5b0e82e2-8aca-4a98-abea-92c0669ef274','2025-12-22 16:24:36','2025-12-22 16:24:36'),('1b11a37f-ecf7-43e0-aa21-3b64ecc17b0c','Zogbo Est','46c39d78-3fbd-4ec8-80af-14496bd6f9bb','2025-12-22 16:24:35','2025-12-22 16:24:35'),('1b6202cb-746c-4f87-8b45-0c89ae7bdc8b','Comè Centre Ouest','ce124aa1-fd9f-48da-a716-c81670c4b1fe','2025-12-22 16:24:38','2025-12-22 16:24:38'),('1b711b95-3331-4a02-9a2e-76acb8325d70','Malanville Centre','4d3b7b3a-c0be-4976-98c6-b69a64aed647','2025-12-22 16:24:35','2025-12-22 16:24:35'),('1c98a666-13ad-42ae-8ce3-0554b3a16d4f','Aplahoué Centre Sud','56c36d98-d065-4b97-927a-d02a5fd8ab47','2025-12-22 16:24:35','2025-12-22 16:24:35'),('1cd2225b-da18-4b00-9659-8ae0f449c9b4','Agla Centre','cb61b51c-03fb-4eb2-8774-b0567dfcb128','2025-12-22 16:24:38','2025-12-22 16:24:38'),('1cd3d110-15b8-491a-a272-c13ed859ad2b','Abomey Centre Sud','427c0e06-3dcd-4f00-a29f-e9824a6916f0','2025-12-22 16:24:35','2025-12-22 16:24:35'),('1da0fae0-855f-4308-9fc0-cbc9f2e2f7ed','Abomey-Calavi Centre Sud','59d23dcd-4e77-4e12-a511-0fe51e8ee3cc','2025-12-22 16:24:36','2025-12-22 16:24:36'),('1e16b812-2336-4cb0-a29e-03812a291c24','Ahouansori Sud','17661831-7550-46f4-8706-2a2348c87b2c','2025-12-22 16:24:34','2025-12-22 16:24:34'),('1e76a5a3-5ace-49ee-89f5-7dd67af54cc5','Cadjehoun Ouest','838ab29f-cf61-465d-9bce-cf5a72d62cc7','2025-12-22 16:24:36','2025-12-22 16:24:36'),('1e83ba56-87a4-477a-b99b-86f871ce23e4','Godomey Centre','ea027301-c4ce-4b8d-adbd-1f89c569b3a1','2025-12-22 16:24:38','2025-12-22 16:24:38'),('1f1c7fea-4e54-4bf1-80ca-0d116ebc7549','Lokossa Centre Ouest','761ac32f-dea7-44f1-b00f-34b044d8efc6','2025-12-22 16:24:36','2025-12-22 16:24:36'),('1f59a231-7d37-414c-98fc-c1297f2a26ab','Ganhi Ouest','d6a57dd5-c9f1-4d24-9a47-f6401a9a8314','2025-12-22 16:24:38','2025-12-22 16:24:38'),('203d5d50-c905-4c4b-9058-3deb97947a07','Djougou Centre Sud','c60090c3-abdb-455a-83ae-7db94283f2f1','2025-12-22 16:24:37','2025-12-22 16:24:37'),('21eae351-29e5-4bd6-9ca2-31533aa43bba','Godomey Ouest','32a7d699-e14d-4839-b86d-8ea46508d459','2025-12-22 16:24:35','2025-12-22 16:24:35'),('231f37d1-5eac-49d8-9d70-45072503d37c','Grand-Popo Centre Ouest','58bd53ac-370c-452a-975c-2b9595542d42','2025-12-22 16:24:36','2025-12-22 16:24:36'),('236f833b-1d45-4af5-aa36-ecb3bd34175b','Natitingou Centre Sud','1a60dc2c-252e-409b-8abc-2cd7166d993a','2025-12-22 16:24:34','2025-12-22 16:24:34'),('23b91205-7c07-47e2-892d-f97d875dc45b','Grand-Popo Centre Sud','bae420ce-ce54-4e3a-ac6a-b088e06d3592','2025-12-22 16:24:37','2025-12-22 16:24:37'),('23fa9c47-3f3e-46e9-b176-df6193cf76aa','Missessin Ouest','8236a97a-7b01-4b72-a187-aeac5fffc88d','2025-12-22 16:24:36','2025-12-22 16:24:36'),('2470930a-00f5-4aee-aed6-2cd275716d46','Ouando Extension','6525a383-01c0-4f19-a27a-50e267c833e6','2025-12-22 16:24:36','2025-12-22 16:24:36'),('247d632f-3030-4d60-8579-643f68f027ea','Natitingou Centre Extension','b327f278-935b-44e8-93c0-1cedcc49a5f0','2025-12-22 16:24:37','2025-12-22 16:24:37'),('24bff769-db75-4925-b0a8-2e360e9306b5','Togba Est','363a7e6c-7315-4643-b26f-9bd7846eb614','2025-12-22 16:24:35','2025-12-22 16:24:35'),('25450966-f1bb-4c3f-835a-3cf448350906','Kandi Centre Est','d3f6741b-3447-4788-ad0a-cdae3a4e3847','2025-12-22 16:24:38','2025-12-22 16:24:38'),('262b476a-4ca5-4cef-be6c-9fe35844ecce','Missessin','1978e191-f3b3-4cfb-b0ae-440cd7ccb5af','2025-12-22 16:24:34','2025-12-22 16:24:34'),('27c34d0c-2ff8-4628-87bd-bda5fbfd6b38','Avakpa Extension','ea027301-c4ce-4b8d-adbd-1f89c569b3a1','2025-12-22 16:24:38','2025-12-22 16:24:38'),('27c6926a-f46c-4b39-816b-ba81eac6fa69','Dogbo Centre Est','a6dfb0f5-11c3-4b6c-8a8b-cc87c49f81f7','2025-12-22 16:24:37','2025-12-22 16:24:37'),('29d84388-7f97-40ed-851d-c3d73bf0d13b','Godomey Est','bbeb472e-8e19-46d1-909e-b635ac986945','2025-12-22 16:24:37','2025-12-22 16:24:37'),('2a22c268-02b4-449a-ba75-252b0d770c0f','Ahouansori Ouest','a862abb9-4bc4-4621-9c7c-cc4161d829f6','2025-12-22 16:24:37','2025-12-22 16:24:37'),('2a258843-75ee-48ea-acaa-320e43d22008','Calavi Est','9bae8277-984f-43d5-ade3-a31b65dba5b5','2025-12-22 16:24:37','2025-12-22 16:24:37'),('2b145f3d-bf9c-46df-8a32-45debd31538b','Kétou Centre','a862abb9-4bc4-4621-9c7c-cc4161d829f6','2025-12-22 16:24:37','2025-12-22 16:24:37'),('2b3fcc58-4e55-40bc-936c-e523cfd70c10','Agla Sud','49814d52-1d13-4393-a0c6-05286e922671','2025-12-22 16:24:35','2025-12-22 16:24:35'),('2b8c5d46-0d21-4c22-8462-7b468f2bb671','Kandi Centre Ouest','b327f278-935b-44e8-93c0-1cedcc49a5f0','2025-12-22 16:24:37','2025-12-22 16:24:37'),('2be322ab-bf0b-49f7-a3ef-02f8ade528f5','Togba','56c36d98-d065-4b97-927a-d02a5fd8ab47','2025-12-22 16:24:35','2025-12-22 16:24:35'),('2d87694d-7d4f-4b8c-92fc-36694b13eead','Sakété Centre Sud','243f23df-acff-468c-aa02-8a0095ba8889','2025-12-22 16:24:35','2025-12-22 16:24:35'),('2dfe95b3-25d4-4528-8820-1e7710fe37e7','Savalou Centre Est','3b8abab0-707d-421c-a519-cc57d38a5109','2025-12-22 16:24:35','2025-12-22 16:24:35'),('2e563c27-25b1-4db4-b7a4-7a8a096cdedd','Natitingou Centre Ouest','1f25c9d4-8533-47f4-851f-e83ddb80fc0c','2025-12-22 16:24:34','2025-12-22 16:24:34'),('2ebb330f-9e6b-46a8-9b0e-b9cda8018f68','Natitingou Centre Centre','58bd53ac-370c-452a-975c-2b9595542d42','2025-12-22 16:24:36','2025-12-22 16:24:36'),('2f6c8a76-39aa-4c4d-a2fa-b65e615b08ee','Parakou Centre Ouest','ea027301-c4ce-4b8d-adbd-1f89c569b3a1','2025-12-22 16:24:38','2025-12-22 16:24:38'),('2fdb5e08-9c3c-4824-b54b-9d1c373c7789','Avakpa Centre','427c0e06-3dcd-4f00-a29f-e9824a6916f0','2025-12-22 16:24:35','2025-12-22 16:24:35'),('30066b0a-8278-4372-8347-df7f45120f96','Abomey Centre Est','e80d8f00-8b3d-4540-8ebc-90b7653b881e','2025-12-22 16:24:38','2025-12-22 16:24:38'),('308d4768-fc85-4dc7-b6dd-80335a31c8df','Godomey Centre','5b0e82e2-8aca-4a98-abea-92c0669ef274','2025-12-22 16:24:36','2025-12-22 16:24:36'),('31077449-f32c-4d35-b9ea-f7e39b21a609','Djougou Centre Extension','d49b37bd-0e36-4664-b7ca-324785fba898','2025-12-22 16:24:38','2025-12-22 16:24:38'),('31b60dee-faf8-431c-8414-7dc1c3acec78','Abomey Centre','7d9bffe8-8206-4d0d-b2f6-c7cd9be7a276','2025-12-22 16:24:36','2025-12-22 16:24:36'),('31e238fd-513c-4b19-8637-5d52535c3116','Djougou Centre Est','838ab29f-cf61-465d-9bce-cf5a72d62cc7','2025-12-22 16:24:36','2025-12-22 16:24:36'),('32b5167b-3883-4cc5-8cee-8330924aa9bd','Calavi Centre','898dcf2e-988d-4f27-8f83-b885455fd67a','2025-12-22 16:24:36','2025-12-22 16:24:36'),('32c1e89b-5300-4fc9-8f33-41278fa33107','Malanville Centre Extension','35e1f32b-9f6d-4867-a83a-11c22efb1bf5','2025-12-22 16:24:35','2025-12-22 16:24:35'),('33039093-4a17-4e46-80db-4bfcef9343f7','Malanville Centre Centre','c7994166-596d-4b9a-bb1a-3983db52d134','2025-12-22 16:24:37','2025-12-22 16:24:37'),('33479798-a1fc-4d7a-9ef8-9328e9f1dc62','Cadjehoun Est','35e1f32b-9f6d-4867-a83a-11c22efb1bf5','2025-12-22 16:24:35','2025-12-22 16:24:35'),('340b1ffc-95e3-4e21-9d58-757fc89c05bc','Djègbadji Ouest','90dcc77f-bb9d-4d42-b226-35f6f102bbfb','2025-12-22 16:24:37','2025-12-22 16:24:37'),('343b1188-a4df-45e3-90e0-debe10d52b8a','Agbokou Ouest','e290b418-605b-48dc-a127-e0bff1abd64a','2025-12-22 16:24:38','2025-12-22 16:24:38'),('343f7540-dbb6-4660-bfe1-2139a2ae6ec0','Savalou Centre Centre','35e1f32b-9f6d-4867-a83a-11c22efb1bf5','2025-12-22 16:24:35','2025-12-22 16:24:35'),('350b6189-3bd0-4071-adac-2f1ca88deec8','Calavi Ouest','c7994166-596d-4b9a-bb1a-3983db52d134','2025-12-22 16:24:37','2025-12-22 16:24:37'),('3597abca-e0b6-4d9d-bad9-2d31ceaf3941','Aplahoué Centre Est','11d06160-a369-4666-b79c-8b3c93b29e5d','2025-12-22 16:24:34','2025-12-22 16:24:34'),('367cd198-b820-49b9-a699-608b63dde250','Ouidah Centre Sud','98f42acc-72b8-49ca-8d8c-83f419fce82c','2025-12-22 16:24:37','2025-12-22 16:24:37'),('369842c7-8f94-4592-9cfb-76c53bf934d0','Bopa Centre Sud','5b0e82e2-8aca-4a98-abea-92c0669ef274','2025-12-22 16:24:36','2025-12-22 16:24:36'),('36aea0a9-4e13-4bb4-a3b2-5e13a196d5c7','Godomey Est','5973a69e-efcf-4ba1-90c0-aa6b6b00eeaa','2025-12-22 16:24:36','2025-12-22 16:24:36'),('36f00e66-2251-4e37-89f2-dabd9308862e','Ahouansori Sud','cb61b51c-03fb-4eb2-8774-b0567dfcb128','2025-12-22 16:24:38','2025-12-22 16:24:38'),('37679d25-dbe4-46bf-a107-bfc474e272cf','Cadjehoun Sud','e80d8f00-8b3d-4540-8ebc-90b7653b881e','2025-12-22 16:24:38','2025-12-22 16:24:38'),('37927184-8670-4d60-b4bd-e0dfd10c2c66','Ahouansori Ouest','21bebab3-8152-4d8d-b34f-ddf17f59c605','2025-12-22 16:24:35','2025-12-22 16:24:35'),('381d9331-7e7d-431a-b68f-6b615e15e830','Ouidah Centre Est','96da6dd9-b1d2-4399-9cc2-da63b4062922','2025-12-22 16:24:37','2025-12-22 16:24:37'),('38a80611-853b-43c9-b138-81cf9c1c44c1','Agbokou Centre','34f410fb-17e5-432f-ab93-7a2e2402732d','2025-12-22 16:24:35','2025-12-22 16:24:35'),('3965ff1f-b7e8-4392-910e-c1a71e0b9a48','Djègbadji Ouest','3b8abab0-707d-421c-a519-cc57d38a5109','2025-12-22 16:24:35','2025-12-22 16:24:35'),('3a7cb28f-4627-4e3b-a34a-9a19b13a9220','Malanville Centre Ouest','8ec61b91-5c01-46e2-bc17-4745ca666135','2025-12-22 16:24:36','2025-12-22 16:24:36'),('3c2073ce-854a-49a4-8e24-ff6a780dd034','Aplahoué Centre','434efc4a-cd38-40ef-bd9b-25b03ada4c34','2025-12-22 16:24:35','2025-12-22 16:24:35'),('3c72a374-cfa3-4a83-aa0f-9716a1eaa654','Togba Est','13b89c7e-bbd2-4fcd-99fe-85c51b5aa4ab','2025-12-22 16:24:34','2025-12-22 16:24:34'),('3dc747b7-a321-48ed-b2ae-4b12b145a071','Ouando Ouest','013ae7dd-c574-4a66-ba88-859b557bcb6b','2025-12-22 16:24:34','2025-12-22 16:24:34'),('3ef4fbbd-5172-49f1-b45a-ce280d3f9d4e','Avakpa Ouest','349ec126-d07c-4b5c-9da1-ef98d3a00686','2025-12-22 16:24:35','2025-12-22 16:24:35'),('3fa447d1-c5f7-4de0-ac6b-e83a1bfacc1f','Togba Sud','0e4ba2b0-3d77-4fb6-9894-0a285f390b53','2025-12-22 16:24:34','2025-12-22 16:24:34'),('410ab922-dffb-4198-9645-395f00396232','Natitingou Centre Ouest','e5aecf66-9208-4f92-97cd-5fef7aecea8c','2025-12-22 16:24:38','2025-12-22 16:24:38'),('4126cb1a-5733-49f4-be77-d8cc12b5b483','Calavi Sud','3611dc02-be9d-4580-b481-89f4a8b66ac4','2025-12-22 16:24:35','2025-12-22 16:24:35'),('418f5009-6891-49df-81af-222d19a40f77','Abomey Centre','e5657be8-da09-4a20-b02d-83781222ad47','2025-12-22 16:24:38','2025-12-22 16:24:38'),('42cfdf5e-213e-4af7-beb0-c2f2ea16cfe2','Cadjehoun','0e4ba2b0-3d77-4fb6-9894-0a285f390b53','2025-12-22 16:24:34','2025-12-22 16:24:34'),('45149855-e4ac-4c25-8cfa-39876fdb463e','Agbokou','aa19e610-4292-438f-a89d-fea506b31051','2025-12-22 16:24:37','2025-12-22 16:24:37'),('451e42e0-03e5-43a7-9ccf-c8cce91a4ca6','Ahouansori Sud','6525a383-01c0-4f19-a27a-50e267c833e6','2025-12-22 16:24:36','2025-12-22 16:24:36'),('4586f4e5-783f-4ba4-b624-6b753d638eb6','Malanville Centre','bbeb472e-8e19-46d1-909e-b635ac986945','2025-12-22 16:24:37','2025-12-22 16:24:37'),('45db702a-65ca-4d02-b050-3b04f15cb0cd','Hêvié Sud','34f410fb-17e5-432f-ab93-7a2e2402732d','2025-12-22 16:24:35','2025-12-22 16:24:35'),('46b298ae-f0ff-4a77-ac7b-8420ba17ce21','Savalou Centre Ouest','025499d3-9125-400d-b3f1-471171303bfe','2025-12-22 16:24:34','2025-12-22 16:24:34'),('4770e956-f00b-4736-8adb-308cfb960910','Bohicon Centre Sud','ea027301-c4ce-4b8d-adbd-1f89c569b3a1','2025-12-22 16:24:38','2025-12-22 16:24:38'),('47b1cd41-c67c-4fc2-b3f1-30565dbed832','Agbokou Ouest','98364567-3867-49fb-ae6c-59c7d223b739','2025-12-22 16:24:37','2025-12-22 16:24:37'),('482be095-0df1-4d96-b1cb-995404c55c34','Djègbadji Est','d0fe2162-8045-408b-8a84-e2f23f866909','2025-12-22 16:24:38','2025-12-22 16:24:38'),('4842941f-8598-42c6-b64b-b00b4c29568e','Godomey Ouest','77c7340f-a035-4254-b87c-e758ecbd12da','2025-12-22 16:24:36','2025-12-22 16:24:36'),('4896d894-5ff3-4df7-b70f-30712ec7a9e4','Tchaourou Centre','69d94702-dbe5-4298-8f5f-e7e397dfebe0','2025-12-22 16:24:36','2025-12-22 16:24:36'),('49a1741d-10e7-4f4b-a2d7-09276b28d39f','Kétou Centre Est','827f9f0c-3c5e-43d3-89db-3d944f3cb5ae','2025-12-22 16:24:36','2025-12-22 16:24:36'),('4a03d9a3-6a24-4e0f-9750-5b409c308a7d','Parakou Centre Sud','d6a57dd5-c9f1-4d24-9a47-f6401a9a8314','2025-12-22 16:24:38','2025-12-22 16:24:38'),('4a6e5047-f261-45f1-bdb5-7bb482f1cd5a','Godomey Ouest','98f42acc-72b8-49ca-8d8c-83f419fce82c','2025-12-22 16:24:37','2025-12-22 16:24:37'),('4aed854b-ff53-4a76-a65e-501ab75272e9','Agla Sud','fa3ad1cb-115f-42f4-b3b2-98c1909ea955','2025-12-22 16:24:38','2025-12-22 16:24:38'),('4b2ae3ef-fa41-4856-8125-e9fd1a56d590','Abomey-Calavi Centre Est','243f23df-acff-468c-aa02-8a0095ba8889','2025-12-22 16:24:35','2025-12-22 16:24:35'),('4c1162a0-3e44-4362-80c1-e62693d93413','Abomey Centre','427c0e06-3dcd-4f00-a29f-e9824a6916f0','2025-12-22 16:24:35','2025-12-22 16:24:35'),('4c62982e-62ae-4ae0-8004-bb46e37aaffd','Togba','e290b418-605b-48dc-a127-e0bff1abd64a','2025-12-22 16:24:38','2025-12-22 16:24:38'),('4d2d0b47-d894-47b1-adc0-fee25cc1ee95','Calavi Sud','96da6dd9-b1d2-4399-9cc2-da63b4062922','2025-12-22 16:24:37','2025-12-22 16:24:37'),('4ddc8f71-17eb-44e0-8413-b424edd013d0','Bopa Centre Sud','e290b418-605b-48dc-a127-e0bff1abd64a','2025-12-22 16:24:38','2025-12-22 16:24:38'),('4de4677a-9d68-42cd-b5f3-9624edb8aa56','Ouando Sud','bfc6a9cc-c073-4053-9329-0288fecfbed0','2025-12-22 16:24:37','2025-12-22 16:24:37'),('4e057ddd-3c53-4c9c-b09c-05234f9dffdd','Lokossa Centre Est','6525a383-01c0-4f19-a27a-50e267c833e6','2025-12-22 16:24:36','2025-12-22 16:24:36'),('4ee26b42-0405-4344-b4ee-0b321fde7616','Cadjehoun','197ef245-abec-4bfe-8785-7c16aa482e55','2025-12-22 16:24:34','2025-12-22 16:24:34'),('4f741b41-caac-47c8-bc4f-5249e4d72486','Avakpa','11d06160-a369-4666-b79c-8b3c93b29e5d','2025-12-22 16:24:34','2025-12-22 16:24:34'),('4f8c7872-0e60-4cfe-aff0-782fde36f999','Aplahoué Centre Est','ffccdf0e-2308-4d50-8df8-f473b035e927','2025-12-22 16:24:38','2025-12-22 16:24:38'),('4fd6d861-476b-4e13-a22b-b1fb6157990d','Grand-Popo Centre Centre','079e6277-c304-4f96-984e-3eb3a9b61f2b','2025-12-22 16:24:34','2025-12-22 16:24:34'),('4fefe16e-e0bb-42f2-a38d-931329bddb08','Parakou Centre Est','c85d6dce-1795-4fe6-859d-b7fcf5e09104','2025-12-22 16:24:37','2025-12-22 16:24:37'),('50f22fd9-4b4e-4e7b-9632-06efa0ec968d','Tchaourou Centre Centre','a6dfb0f5-11c3-4b6c-8a8b-cc87c49f81f7','2025-12-22 16:24:37','2025-12-22 16:24:37'),('511f6430-278e-49b8-868d-3c70bcb77853','Bopa Centre','21bebab3-8152-4d8d-b34f-ddf17f59c605','2025-12-22 16:24:35','2025-12-22 16:24:35'),('513398e1-6529-42bc-9901-beb2eaddb8d0','Bopa Centre Est','4b5da97d-0dae-4154-8a67-4c5dda483c22','2025-12-22 16:24:35','2025-12-22 16:24:35'),('51720a32-8b48-4c77-9689-0714e45c12e3','Agla Centre','0e4ba2b0-3d77-4fb6-9894-0a285f390b53','2025-12-22 16:24:34','2025-12-22 16:24:34'),('5175ad89-36e8-4352-bc12-12097671f271','Bopa Centre Est','bfc6a9cc-c073-4053-9329-0288fecfbed0','2025-12-22 16:24:37','2025-12-22 16:24:37'),('52d650e4-2b13-402e-9b72-3c0de7df1387','Kandi Centre Sud','74204a99-1492-4cb8-925b-d2d219b3c7cc','2025-12-22 16:24:36','2025-12-22 16:24:36'),('53e73cc5-76d3-422f-9c20-acf6c4935b68','Pahou','17661831-7550-46f4-8706-2a2348c87b2c','2025-12-22 16:24:34','2025-12-22 16:24:34'),('54188326-93ea-4c3f-8493-ac5ee2bb9b49','Natitingou Centre Ouest','bbeb472e-8e19-46d1-909e-b635ac986945','2025-12-22 16:24:37','2025-12-22 16:24:37'),('54bddb84-7237-4dc3-89fd-ef84ee476182','Hêvié Sud','5973a69e-efcf-4ba1-90c0-aa6b6b00eeaa','2025-12-22 16:24:36','2025-12-22 16:24:36'),('54be990b-802c-44d7-a0a3-d486c2e8cf2b','Ganhi Ouest','8fd310e0-4050-4ebd-87c4-4f282e21627d','2025-12-22 16:24:37','2025-12-22 16:24:37'),('54d08998-4d6a-46f7-8499-ea33590a07f2','Zogbo','c60090c3-abdb-455a-83ae-7db94283f2f1','2025-12-22 16:24:37','2025-12-22 16:24:37'),('55600a0a-8428-40b2-b031-d340e644aedc','Ahouansori Sud','c39756cf-ccad-4a4a-b9f2-45def4beb730','2025-12-22 16:24:37','2025-12-22 16:24:37'),('556bef36-49fa-4b51-b28c-057e5aa85a99','Agbokou','5973a69e-efcf-4ba1-90c0-aa6b6b00eeaa','2025-12-22 16:24:36','2025-12-22 16:24:36'),('55c9fc88-b8a9-49d2-8ba7-0bd3cd486fee','Parakou Centre Est','4d3b7b3a-c0be-4976-98c6-b69a64aed647','2025-12-22 16:24:35','2025-12-22 16:24:35'),('55ff31d0-8945-42c3-8904-6f4fa81e35b6','Avakpa Extension','d9a5a945-61d1-4be4-8ae7-d9c4a6fbe0d2','2025-12-22 16:24:38','2025-12-22 16:24:38'),('56c4d5b6-018b-4c7e-8663-727663a9c048','Abomey Centre Ouest','56c36d98-d065-4b97-927a-d02a5fd8ab47','2025-12-22 16:24:35','2025-12-22 16:24:35'),('58b158f4-dd82-40e5-a432-b0f18e40d24f','Comè Centre Sud','99d22cd5-ee39-4335-9070-8b46ab54b2a1','2025-12-22 16:24:37','2025-12-22 16:24:37'),('5997ab5c-6296-465d-acde-94aab5fc3cc3','Tchaourou Centre Ouest','a18353d6-19f4-4040-a4d9-ede81320ae21','2025-12-22 16:24:37','2025-12-22 16:24:37'),('59d27b65-5eb5-4357-87b9-4d54404d6cf8','Calavi Sud','761ac32f-dea7-44f1-b00f-34b044d8efc6','2025-12-22 16:24:36','2025-12-22 16:24:36'),('5a71f98f-82e9-4dca-b5e3-cfd27f784087','Savalou Centre','82ee8b03-84da-4bec-8031-934d70541c9d','2025-12-22 16:24:36','2025-12-22 16:24:36'),('5b4b2beb-3ae2-4a79-8442-63ba25e68b09','Natitingou Centre Extension','c914ec61-d8b5-44a5-a9e1-37eb158bd6ee','2025-12-22 16:24:38','2025-12-22 16:24:38'),('5b8c7114-685b-474c-8c10-0276bc3edbc1','Agbokou Sud','4ec1b08f-d322-4026-97ed-141517148ec3','2025-12-22 16:24:35','2025-12-22 16:24:35'),('5c2d89c1-c807-4d9b-94ce-c694751a1fca','Calavi Centre','13b89c7e-bbd2-4fcd-99fe-85c51b5aa4ab','2025-12-22 16:24:34','2025-12-22 16:24:34'),('5ccb8c58-7eba-4ae2-8625-9bd57ccce519','Ahouansori Ouest','9e4b3f78-bff3-4241-9d13-3cb455f96484','2025-12-22 16:24:37','2025-12-22 16:24:37'),('5e85b156-f22f-4712-9726-7dd40ab8e8fc','Pahou Est','8ec61b91-5c01-46e2-bc17-4745ca666135','2025-12-22 16:24:36','2025-12-22 16:24:36'),('5e9283b6-46fd-4a14-b217-1792ffcfa638','Allada Centre Sud','69d94702-dbe5-4298-8f5f-e7e397dfebe0','2025-12-22 16:24:36','2025-12-22 16:24:36'),('60624ec8-4031-469c-a70a-a513e3744ade','Porto-Novo Centre Centre','1978e191-f3b3-4cfb-b0ae-440cd7ccb5af','2025-12-22 16:24:34','2025-12-22 16:24:34'),('6095d689-b6ed-4fe8-ac6a-c2473edeb35e','Agbokou Est','4ec1b08f-d322-4026-97ed-141517148ec3','2025-12-22 16:24:35','2025-12-22 16:24:35'),('60fcc58a-10fe-4af2-b3eb-758bac725909','Allada Centre','58bd53ac-370c-452a-975c-2b9595542d42','2025-12-22 16:24:36','2025-12-22 16:24:36'),('61258ce1-42d9-40a8-a91d-e8488e559eb1','Kandi Centre Ouest','5b0e82e2-8aca-4a98-abea-92c0669ef274','2025-12-22 16:24:36','2025-12-22 16:24:36'),('6172eaac-5f13-4d4e-8ffd-9ecd2abd1500','Aplahoué Centre Est','cc2e9941-6bb4-4ca2-a5fa-cb5bcf807433','2025-12-22 16:24:38','2025-12-22 16:24:38'),('621d2127-7682-4615-bb9b-89b6069b0ea1','Natitingou Centre','c39756cf-ccad-4a4a-b9f2-45def4beb730','2025-12-22 16:24:37','2025-12-22 16:24:37'),('63e46bc1-e62f-45fc-b207-9dc8444e2b9d','Ahouansori Ouest','868b0334-6733-4de6-a8e8-8b06ec860f1c','2025-12-22 16:24:36','2025-12-22 16:24:36'),('64a8a8dc-e56a-4624-ab7a-382702c4577a','Porto-Novo Centre','98f42acc-72b8-49ca-8d8c-83f419fce82c','2025-12-22 16:24:37','2025-12-22 16:24:37'),('650c9507-3717-40f4-8f2b-d3fb08361ea3','Bopa Centre','d6a57dd5-c9f1-4d24-9a47-f6401a9a8314','2025-12-22 16:24:38','2025-12-22 16:24:38'),('6540b381-8bf0-4b9e-aa53-a49fea34b1f5','Cadjehoun Centre','959f5981-ec52-425e-b673-251034851878','2025-12-22 16:24:37','2025-12-22 16:24:37'),('6549229c-321f-4280-bd87-9ecaf2efe8ac','Allada Centre Est','0d86cc78-0a56-4e53-a2af-e2fd9257dd50','2025-12-22 16:24:34','2025-12-22 16:24:34'),('66a714dc-ca5d-4bd5-b5ae-a2da38ccdfda','Abomey-Calavi Centre Est','ea027301-c4ce-4b8d-adbd-1f89c569b3a1','2025-12-22 16:24:38','2025-12-22 16:24:38'),('67f95593-6ad6-4a74-a39b-e2e7bb0121ec','Bopa Centre','d3f6741b-3447-4788-ad0a-cdae3a4e3847','2025-12-22 16:24:38','2025-12-22 16:24:38'),('68a5548d-264c-4eae-82ef-ce00fbbb3a13','Bopa Centre Centre','bbeb472e-8e19-46d1-909e-b635ac986945','2025-12-22 16:24:37','2025-12-22 16:24:37'),('69c2f393-98eb-4d94-97fd-323585ba89fb','Kétou Centre Est','74204a99-1492-4cb8-925b-d2d219b3c7cc','2025-12-22 16:24:36','2025-12-22 16:24:36'),('6a01cfbe-9ecb-4089-8c2e-295ed2aadcce','Tchaourou Centre Sud','b575b025-bca8-40f8-a64a-83e08b4a70c9','2025-12-22 16:24:37','2025-12-22 16:24:37'),('6a51e35f-27ae-4d26-86fd-1c4a2779d1d1','Dogbo Centre Est','c60090c3-abdb-455a-83ae-7db94283f2f1','2025-12-22 16:24:37','2025-12-22 16:24:37'),('6b6d9fe6-0591-4f37-be2b-19b46e67f235','Parakou Centre Ouest','243f23df-acff-468c-aa02-8a0095ba8889','2025-12-22 16:24:35','2025-12-22 16:24:35'),('6bdcbd45-c87f-446a-a905-508926dde6fc','Abomey Centre Ouest','079e6277-c304-4f96-984e-3eb3a9b61f2b','2025-12-22 16:24:34','2025-12-22 16:24:34'),('6bfef46f-15c5-4c93-911d-195e3243db42','Allada Centre','46c39d78-3fbd-4ec8-80af-14496bd6f9bb','2025-12-22 16:24:35','2025-12-22 16:24:35'),('6c04e2a4-47e1-4f30-b079-bdb63658dcd2','Porto-Novo Centre','1a60dc2c-252e-409b-8abc-2cd7166d993a','2025-12-22 16:24:34','2025-12-22 16:24:34'),('6c4b2a00-b74e-414c-ade5-657a50851a2f','Allada Centre Sud','363a7e6c-7315-4643-b26f-9bd7846eb614','2025-12-22 16:24:35','2025-12-22 16:24:35'),('6cd6e6b6-767a-4611-8ca9-b3bf1e8237c3','Ahouansori','ce124aa1-fd9f-48da-a716-c81670c4b1fe','2025-12-22 16:24:38','2025-12-22 16:24:38'),('6dafdd47-10da-4259-b8e0-9a15859cd845','Bopa Centre','bfc6a9cc-c073-4053-9329-0288fecfbed0','2025-12-22 16:24:37','2025-12-22 16:24:37'),('6dea8357-c9dc-44fc-ad30-1a805a8aac28','Bopa Centre Est','013ae7dd-c574-4a66-ba88-859b557bcb6b','2025-12-22 16:24:34','2025-12-22 16:24:34'),('6ec72072-057c-4303-98f2-bd37a3f2089d','Pobè Centre Sud','21bebab3-8152-4d8d-b34f-ddf17f59c605','2025-12-22 16:24:35','2025-12-22 16:24:35'),('6ecfaacf-df05-4d35-b31e-fac4843ac0ba','Pobè Centre Sud','9bae8277-984f-43d5-ade3-a31b65dba5b5','2025-12-22 16:24:37','2025-12-22 16:24:37'),('6ee6360f-9e24-4c73-a57b-64fe2ab9b5be','Tchaourou Centre Est','56c36d98-d065-4b97-927a-d02a5fd8ab47','2025-12-22 16:24:35','2025-12-22 16:24:35'),('6f4971bd-5ff3-4edb-84a9-98718877b829','Bohicon Centre Sud','d3f6741b-3447-4788-ad0a-cdae3a4e3847','2025-12-22 16:24:38','2025-12-22 16:24:38'),('6f51efb1-4296-41b7-8a31-3ad42ef7e9ed','Bopa Centre Extension','99d22cd5-ee39-4335-9070-8b46ab54b2a1','2025-12-22 16:24:37','2025-12-22 16:24:37'),('704938a0-3c55-4dba-87d0-10ba69f9205b','Lokossa Centre Est','eec0ff62-7550-4b2b-8b4f-2e2b38008ff2','2025-12-22 16:24:38','2025-12-22 16:24:38'),('7098fc3f-6743-4a7f-88fd-3599a0cb55fd','Lokossa Centre Sud','8ec61b91-5c01-46e2-bc17-4745ca666135','2025-12-22 16:24:36','2025-12-22 16:24:36'),('711e22c9-e6c0-44ef-868a-6f81649faca5','Natitingou Centre','e80d8f00-8b3d-4540-8ebc-90b7653b881e','2025-12-22 16:24:38','2025-12-22 16:24:38'),('718165b5-0058-4054-ab26-732d9601a4cb','Tchaourou Centre Ouest','cb61b51c-03fb-4eb2-8774-b0567dfcb128','2025-12-22 16:24:38','2025-12-22 16:24:38'),('71c285a3-dda1-495c-8e79-cfdac7dac21d','Djègbadji','1f25c9d4-8533-47f4-851f-e83ddb80fc0c','2025-12-22 16:24:34','2025-12-22 16:24:34'),('71f58b42-c292-4ccc-a50a-1b706b88e782','Djougou Centre Sud','434efc4a-cd38-40ef-bd9b-25b03ada4c34','2025-12-22 16:24:35','2025-12-22 16:24:35'),('73745eba-39fb-4aaf-92d1-193157eaaaa4','Bopa Centre Sud','3aa32da5-54be-401e-84b4-ba7f6a82417e','2025-12-22 16:24:35','2025-12-22 16:24:35'),('73b31b31-fe8e-407c-a0c3-d74b9644b77e','Tchaourou Centre Ouest','c39756cf-ccad-4a4a-b9f2-45def4beb730','2025-12-22 16:24:37','2025-12-22 16:24:37'),('74abebe5-378e-4494-9e2f-56e6e3acd1ea','Tchaourou Centre','761ac32f-dea7-44f1-b00f-34b044d8efc6','2025-12-22 16:24:36','2025-12-22 16:24:36'),('74bbc090-c35f-4a27-aedf-ab5e0e204ea0','Godomey','72d9b2e3-333d-4b89-af40-1a5c3f4269fb','2025-12-22 16:24:36','2025-12-22 16:24:36'),('74fe13c7-8b5c-4238-ba54-a8f86c1c4a87','Godomey Centre','ffccdf0e-2308-4d50-8df8-f473b035e927','2025-12-22 16:24:38','2025-12-22 16:24:38'),('758ae34a-6b26-4abc-9519-ea640dfd7966','Bohicon Centre Sud','8fd310e0-4050-4ebd-87c4-4f282e21627d','2025-12-22 16:24:37','2025-12-22 16:24:37'),('7598c23c-05f9-4b7e-9458-4f61caa69271','Tchaourou Centre Est','025499d3-9125-400d-b3f1-471171303bfe','2025-12-22 16:24:34','2025-12-22 16:24:34'),('76b093d7-3894-4d95-b24d-d8906f8bd831','Lokossa Centre Est','c39756cf-ccad-4a4a-b9f2-45def4beb730','2025-12-22 16:24:37','2025-12-22 16:24:37'),('76e93c24-365f-4144-ba49-7e03b66ae9cc','Calavi Est','898dcf2e-988d-4f27-8f83-b885455fd67a','2025-12-22 16:24:36','2025-12-22 16:24:36'),('779d9378-516e-49cf-9973-5da353b99553','Agbokou Sud','0d86cc78-0a56-4e53-a2af-e2fd9257dd50','2025-12-22 16:24:34','2025-12-22 16:24:34'),('77ab322f-c2b8-44eb-8290-da6157752a68','Pobè Centre Sud','1f25c9d4-8533-47f4-851f-e83ddb80fc0c','2025-12-22 16:24:34','2025-12-22 16:24:34'),('77da55d1-f975-4ee6-b737-a166a69d2df9','Aplahoué Centre','77c7340f-a035-4254-b87c-e758ecbd12da','2025-12-22 16:24:36','2025-12-22 16:24:36'),('7936b936-3450-4dca-8487-6507cd405ddb','Kandi Centre','314e4962-5739-43ae-82a4-c0f2a3d543b0','2025-12-22 16:24:35','2025-12-22 16:24:35'),('7958a44c-bb4a-4822-ae71-69a37391ca34','Grand-Popo Centre Centre','b327f278-935b-44e8-93c0-1cedcc49a5f0','2025-12-22 16:24:37','2025-12-22 16:24:37'),('79be7fda-948e-4552-a71f-cac8a5788d3e','Ahouansori','98364567-3867-49fb-ae6c-59c7d223b739','2025-12-22 16:24:37','2025-12-22 16:24:37'),('7b29366f-f539-448a-bf04-ef89794278b1','Cadjehoun Centre','43f76bdf-3578-45ea-9599-c8c84d3858a7','2025-12-22 16:24:35','2025-12-22 16:24:35'),('7cb96629-17bb-4198-bc60-ceacaba5d520','Agla Sud','d0fe2162-8045-408b-8a84-e2f23f866909','2025-12-22 16:24:38','2025-12-22 16:24:38'),('7d4e7a6a-1897-4f5c-b215-4ab540174681','Ahouansori','0d86cc78-0a56-4e53-a2af-e2fd9257dd50','2025-12-22 16:24:34','2025-12-22 16:24:34'),('7e7aeb42-c7ac-48cc-adc5-f06e42f927ed','Aplahoué Centre','50d987db-25ce-45cf-a521-a01312bbdb1c','2025-12-22 16:24:35','2025-12-22 16:24:35'),('7f49f2d7-c4a1-4c19-a489-8cfde015e468','Kandi Centre Ouest','4b5da97d-0dae-4154-8a67-4c5dda483c22','2025-12-22 16:24:35','2025-12-22 16:24:35'),('80570acd-5d27-4c82-ace9-91dddc88deaf','Ouidah Centre Centre','3b8abab0-707d-421c-a519-cc57d38a5109','2025-12-22 16:24:35','2025-12-22 16:24:35'),('8068b302-befa-43ba-9a0e-25bc1be275d5','Lokossa Centre','cc2e9941-6bb4-4ca2-a5fa-cb5bcf807433','2025-12-22 16:24:38','2025-12-22 16:24:38'),('806ed764-3cce-46a9-8278-0f2cedf40edb','Bopa Centre Est','98f42acc-72b8-49ca-8d8c-83f419fce82c','2025-12-22 16:24:37','2025-12-22 16:24:37'),('80827b9b-3600-4b4d-8550-e494e5361765','Abomey Centre Est','9e4b3f78-bff3-4241-9d13-3cb455f96484','2025-12-22 16:24:37','2025-12-22 16:24:37'),('81b1f727-f022-455a-a0fa-65e78624c26a','Kétou Centre Centre','349ec126-d07c-4b5c-9da1-ef98d3a00686','2025-12-22 16:24:35','2025-12-22 16:24:35'),('82ec9b38-25e7-463b-8dc0-c9707164ca58','Missessin','74204a99-1492-4cb8-925b-d2d219b3c7cc','2025-12-22 16:24:36','2025-12-22 16:24:36'),('831b48a8-3f51-47d7-a405-707ff7965d72','Parakou Centre','c7994166-596d-4b9a-bb1a-3983db52d134','2025-12-22 16:24:37','2025-12-22 16:24:37'),('83bfb04f-44dd-4272-8b8c-78c99ede9d67','Ahouansori Sud','a6dfb0f5-11c3-4b6c-8a8b-cc87c49f81f7','2025-12-22 16:24:37','2025-12-22 16:24:37'),('83c03865-06a2-4484-9f72-220a6085af7b','Bopa Centre Est','079e6277-c304-4f96-984e-3eb3a9b61f2b','2025-12-22 16:24:34','2025-12-22 16:24:34'),('8426c6d6-35b5-460c-9127-09467b7f0e72','Aplahoué Centre','35e1f32b-9f6d-4867-a83a-11c22efb1bf5','2025-12-22 16:24:35','2025-12-22 16:24:35'),('842d99cd-2240-4730-aab4-d69cae018d1b','Bopa Centre','49814d52-1d13-4393-a0c6-05286e922671','2025-12-22 16:24:35','2025-12-22 16:24:35'),('860ad4b8-c13f-4b2c-822c-0c9d7180ed0d','Togba Sud','bbeb472e-8e19-46d1-909e-b635ac986945','2025-12-22 16:24:37','2025-12-22 16:24:37'),('862bf61c-fb46-4acb-b58f-654a0277385a','Zogbo','025499d3-9125-400d-b3f1-471171303bfe','2025-12-22 16:24:34','2025-12-22 16:24:34'),('86e4af8a-c0c9-43b0-bf9b-ad477d608eca','Agla Sud','05128e37-3df7-42e5-bc45-394a6439ae50','2025-12-22 16:24:34','2025-12-22 16:24:34'),('87c2c3bc-7669-4308-ac47-9d45c89b60e7','Cadjehoun Ouest','d49b37bd-0e36-4664-b7ca-324785fba898','2025-12-22 16:24:38','2025-12-22 16:24:38'),('87f6f87b-d7e0-473e-9770-34bb6cc051f8','Avakpa Ouest','5973a69e-efcf-4ba1-90c0-aa6b6b00eeaa','2025-12-22 16:24:36','2025-12-22 16:24:36'),('884b2060-e04d-4921-b490-14f109bf67f1','Aplahoué Centre','34f410fb-17e5-432f-ab93-7a2e2402732d','2025-12-22 16:24:35','2025-12-22 16:24:35'),('88a3781a-6794-42da-843b-05e8ef38bee9','Dogbo Centre Sud','d21de3ea-6ed0-42f1-90aa-c9277bfe3213','2025-12-22 16:24:38','2025-12-22 16:24:38'),('892f1fcd-6ef2-45ed-bc03-a2cd93305c51','Djègbadji Est','349ec126-d07c-4b5c-9da1-ef98d3a00686','2025-12-22 16:24:35','2025-12-22 16:24:35'),('8950566d-b3bd-4245-a315-3a5a23acfd6b','Porto-Novo Centre Est','434efc4a-cd38-40ef-bd9b-25b03ada4c34','2025-12-22 16:24:35','2025-12-22 16:24:35'),('89f8de8b-13c8-4ddc-9c58-5cd48b41350c','Abomey-Calavi Centre','243f23df-acff-468c-aa02-8a0095ba8889','2025-12-22 16:24:35','2025-12-22 16:24:35'),('8ab6b60b-c83a-47a4-907e-14f9630ad1ed','Kandi Centre Ouest','427c0e06-3dcd-4f00-a29f-e9824a6916f0','2025-12-22 16:24:35','2025-12-22 16:24:35'),('8ba5aec0-1611-4ab0-b173-a8832b129c9f','Djègbadji','c85d6dce-1795-4fe6-859d-b7fcf5e09104','2025-12-22 16:24:37','2025-12-22 16:24:37'),('8bb5c3ea-f5b1-4770-887c-418379f897e7','Bohicon Centre Extension','8ec61b91-5c01-46e2-bc17-4745ca666135','2025-12-22 16:24:37','2025-12-22 16:24:37'),('8be655d1-6176-45a6-8174-1ed8dd8d2010','Avakpa Est','69d94702-dbe5-4298-8f5f-e7e397dfebe0','2025-12-22 16:24:36','2025-12-22 16:24:36'),('8e0d63cd-de45-4b57-9a8d-b7407d3e3f89','Hêvié','90dcc77f-bb9d-4d42-b226-35f6f102bbfb','2025-12-22 16:24:37','2025-12-22 16:24:37'),('8e83f3ab-0b9d-4bdf-9691-2a78963e1a74','Djougou Centre','4dac45b1-94a7-4e1d-91fd-af76a8bbc80f','2025-12-22 16:24:35','2025-12-22 16:24:35'),('8f9aaa1c-5192-4ad7-a89c-c4e7403a34bb','Bopa Centre','868b0334-6733-4de6-a8e8-8b06ec860f1c','2025-12-22 16:24:36','2025-12-22 16:24:36'),('8fa2b4c0-40d1-4615-833a-e3049cadd478','Natitingou Centre Sud','e5657be8-da09-4a20-b02d-83781222ad47','2025-12-22 16:24:38','2025-12-22 16:24:38'),('90bec97b-f928-498a-be27-8b92f2f7b4fa','Pahou Centre','c914ec61-d8b5-44a5-a9e1-37eb158bd6ee','2025-12-22 16:24:38','2025-12-22 16:24:38'),('91560bbb-c642-4d5e-b8a5-2cc42f9791f3','Avakpa Est','a862abb9-4bc4-4621-9c7c-cc4161d829f6','2025-12-22 16:24:37','2025-12-22 16:24:37'),('917a1efb-e705-49bd-a30c-fbe84fff2ac0','Djougou Centre Extension','3aa32da5-54be-401e-84b4-ba7f6a82417e','2025-12-22 16:24:35','2025-12-22 16:24:35'),('921dcc77-00f3-4603-8b43-2f5ad2d83f52','Cadjehoun','d21de3ea-6ed0-42f1-90aa-c9277bfe3213','2025-12-22 16:24:38','2025-12-22 16:24:38'),('9253db72-ad27-457d-a22f-dffd42a6b23e','Ganhi Est','e5657be8-da09-4a20-b02d-83781222ad47','2025-12-22 16:24:38','2025-12-22 16:24:38'),('925d21cf-9e48-4dde-944a-93a841edbe0a','Natitingou Centre Est','e198ef1f-a7bb-446a-b0fb-3ad146ea75db','2025-12-22 16:24:38','2025-12-22 16:24:38'),('943b0bbf-3327-4aca-a925-6a1b1c97f6d6','Missessin Est','d6a57dd5-c9f1-4d24-9a47-f6401a9a8314','2025-12-22 16:24:38','2025-12-22 16:24:38'),('94b47ce1-f3de-42ae-ba9d-64aa389d5e11','Aplahoué Centre Ouest','d3f6741b-3447-4788-ad0a-cdae3a4e3847','2025-12-22 16:24:38','2025-12-22 16:24:38'),('967a24d7-69d2-48f8-9468-a5b3cb1aaa4b','Porto-Novo Centre Est','427c0e06-3dcd-4f00-a29f-e9824a6916f0','2025-12-22 16:24:35','2025-12-22 16:24:35'),('970e95c8-a14c-47ce-90e3-4bf959db7313','Dogbo Centre','838ab29f-cf61-465d-9bce-cf5a72d62cc7','2025-12-22 16:24:36','2025-12-22 16:24:36'),('97849150-03ab-47b9-a8b0-0562ed6925ff','Tchaourou Centre Sud','eec0ff62-7550-4b2b-8b4f-2e2b38008ff2','2025-12-22 16:24:38','2025-12-22 16:24:38'),('97ee766c-94b2-4b35-b960-b58bdc4289d7','Ouando Sud','4b5da97d-0dae-4154-8a67-4c5dda483c22','2025-12-22 16:24:35','2025-12-22 16:24:35'),('983f4434-cedb-457e-8ea7-a7dded7c5591','Porto-Novo Centre Ouest','4dac45b1-94a7-4e1d-91fd-af76a8bbc80f','2025-12-22 16:24:35','2025-12-22 16:24:35'),('986b4e31-b33f-497b-a926-16e434b86246','Agbokou','a6dfb0f5-11c3-4b6c-8a8b-cc87c49f81f7','2025-12-22 16:24:37','2025-12-22 16:24:37'),('98d86c8d-f13a-4caf-adc0-2110d9d6605f','Godomey Sud','838ab29f-cf61-465d-9bce-cf5a72d62cc7','2025-12-22 16:24:36','2025-12-22 16:24:36'),('9a0d25b4-c448-4be6-8ea4-c475d76e160a','Pahou Extension','13b89c7e-bbd2-4fcd-99fe-85c51b5aa4ab','2025-12-22 16:24:34','2025-12-22 16:24:34'),('9b225274-4fe8-4005-9a51-4624c2c7be70','Ouando Sud','58bd53ac-370c-452a-975c-2b9595542d42','2025-12-22 16:24:36','2025-12-22 16:24:36'),('9b65ee99-2c69-4630-831d-27fe00c3f93b','Comè Centre Sud','868b0334-6733-4de6-a8e8-8b06ec860f1c','2025-12-22 16:24:36','2025-12-22 16:24:36'),('9b6cefae-c5a3-4dd5-9a2a-6e613297a8e8','Djougou Centre','363a7e6c-7315-4643-b26f-9bd7846eb614','2025-12-22 16:24:35','2025-12-22 16:24:35'),('9bb43147-bfb8-44b3-9abd-91002eb600d4','Calavi Sud','43f76bdf-3578-45ea-9599-c8c84d3858a7','2025-12-22 16:24:35','2025-12-22 16:24:35'),('9bba73ff-d95a-4ccf-8f93-8495d0b7df1c','Ouidah Centre Est','b327f278-935b-44e8-93c0-1cedcc49a5f0','2025-12-22 16:24:37','2025-12-22 16:24:37'),('9bdd09f6-1ba4-4abf-823c-fe16ea9ef188','Abomey Centre Est','c3008abf-bd47-4519-a5db-7702b1ce750e','2025-12-22 16:24:37','2025-12-22 16:24:37'),('9c0fe9a2-96fa-4248-bad6-77850e9d6112','Kétou Centre Est','cb61b51c-03fb-4eb2-8774-b0567dfcb128','2025-12-22 16:24:38','2025-12-22 16:24:38'),('9c48b6be-af9e-4a0d-9341-01dbc05597fe','Ouando Est','868b0334-6733-4de6-a8e8-8b06ec860f1c','2025-12-22 16:24:36','2025-12-22 16:24:36'),('9c4d78ae-ac09-42b4-80ea-356da8f0fe73','Grand-Popo Centre Centre','761ac32f-dea7-44f1-b00f-34b044d8efc6','2025-12-22 16:24:36','2025-12-22 16:24:36'),('9cd7a4df-6afb-4184-bc92-de400972f836','Djègbadji Sud','e5aecf66-9208-4f92-97cd-5fef7aecea8c','2025-12-22 16:24:38','2025-12-22 16:24:38'),('9d67c957-5065-43d7-840d-23966e875e48','Cadjehoun Sud','07851e59-70da-4d5c-9e44-7278bafccb5f','2025-12-22 16:24:34','2025-12-22 16:24:34'),('9f001a50-33a9-4a24-aad0-f2fa3e324e11','Kétou Centre Centre','b575b025-bca8-40f8-a64a-83e08b4a70c9','2025-12-22 16:24:37','2025-12-22 16:24:37'),('9f4a7b29-37cc-48ea-97fe-88bcca87328d','Tchaourou Centre Sud','77c7340f-a035-4254-b87c-e758ecbd12da','2025-12-22 16:24:36','2025-12-22 16:24:36'),('9fb83939-80cd-4c78-8f12-5dad8a617135','Missessin Ouest','ffccdf0e-2308-4d50-8df8-f473b035e927','2025-12-22 16:24:38','2025-12-22 16:24:38'),('a09a012b-698a-4770-b8da-874e8c33dfac','Aplahoué Centre Centre','243f23df-acff-468c-aa02-8a0095ba8889','2025-12-22 16:24:35','2025-12-22 16:24:35'),('a1071b79-2053-41d4-871e-b303a0b9952b','Djougou Centre Centre','3aa32da5-54be-401e-84b4-ba7f6a82417e','2025-12-22 16:24:35','2025-12-22 16:24:35'),('a1f71ba2-16c8-4186-8cc7-57bc4c5890bc','Ganhi Est','a18353d6-19f4-4040-a4d9-ede81320ae21','2025-12-22 16:24:37','2025-12-22 16:24:37'),('a2ccb2da-dcef-493f-a3a4-4713b8ac7a26','Abomey-Calavi Centre Ouest','e5657be8-da09-4a20-b02d-83781222ad47','2025-12-22 16:24:38','2025-12-22 16:24:38'),('a34fabc1-67ea-410d-b95c-c83451eecaa2','Djougou Centre Ouest','0e4ba2b0-3d77-4fb6-9894-0a285f390b53','2025-12-22 16:24:34','2025-12-22 16:24:34'),('a418d158-ca12-485b-9242-34302ff632e6','Pobè Centre','6d14cb89-d3cb-434d-a053-74b9caaacd55','2025-12-22 16:24:36','2025-12-22 16:24:36'),('a43ed76f-7bdd-4f4d-914d-09c22ebccc44','Bopa Centre Centre','99d22cd5-ee39-4335-9070-8b46ab54b2a1','2025-12-22 16:24:37','2025-12-22 16:24:37'),('a4a583e0-adff-4087-b17b-c19332472499','Malanville Centre Extension','77c7340f-a035-4254-b87c-e758ecbd12da','2025-12-22 16:24:36','2025-12-22 16:24:36'),('a545a330-9090-4210-bf07-33b7ee8c7be5','Cadjehoun Ouest','1978e191-f3b3-4cfb-b0ae-440cd7ccb5af','2025-12-22 16:24:34','2025-12-22 16:24:34'),('a6b63bcf-4db1-488d-939c-60b850b5a4a0','Grand-Popo Centre Ouest','c914ec61-d8b5-44a5-a9e1-37eb158bd6ee','2025-12-22 16:24:38','2025-12-22 16:24:38'),('a714198a-e23c-45ca-aaa4-39123df24f10','Bohicon Centre Ouest','1a60dc2c-252e-409b-8abc-2cd7166d993a','2025-12-22 16:24:34','2025-12-22 16:24:34'),('a75e7b30-8e5e-4615-be59-adb89d5ccb73','Calavi Extension','d0fe2162-8045-408b-8a84-e2f23f866909','2025-12-22 16:24:38','2025-12-22 16:24:38'),('a78a2573-ca57-4e2b-a9ed-ad20133572a7','Avakpa','8ec61b91-5c01-46e2-bc17-4745ca666135','2025-12-22 16:24:36','2025-12-22 16:24:36'),('a8901d9a-63fb-4cc6-8caf-d781e840aa2b','Togba Sud','ce124aa1-fd9f-48da-a716-c81670c4b1fe','2025-12-22 16:24:38','2025-12-22 16:24:38'),('aa687ea8-6e89-4424-a1ab-19f992d66d3d','Dogbo Centre Centre','21bebab3-8152-4d8d-b34f-ddf17f59c605','2025-12-22 16:24:35','2025-12-22 16:24:35'),('aabaa34f-6b36-4a3a-b711-5a18c64a3bda','Kétou Centre Ouest','eec0ff62-7550-4b2b-8b4f-2e2b38008ff2','2025-12-22 16:24:38','2025-12-22 16:24:38'),('ab53b43c-a79c-4aae-b6dd-f9ae56d2c877','Zogbo','6525a383-01c0-4f19-a27a-50e267c833e6','2025-12-22 16:24:36','2025-12-22 16:24:36'),('ab602aec-b52e-49e2-ae49-d39f26c28d66','Kétou Centre Extension','349ec126-d07c-4b5c-9da1-ef98d3a00686','2025-12-22 16:24:35','2025-12-22 16:24:35'),('ab649bfd-cfcd-402b-9d0c-c7a3374f4c27','Parakou Centre Ouest','96da6dd9-b1d2-4399-9cc2-da63b4062922','2025-12-22 16:24:37','2025-12-22 16:24:37'),('ad0d37bd-e926-4af2-bd92-7bbeb9fc0b88','Bopa Centre Sud','898dcf2e-988d-4f27-8f83-b885455fd67a','2025-12-22 16:24:36','2025-12-22 16:24:36'),('ad1ab3e5-d9df-439a-97f5-6c04a7b10551','Aplahoué Centre Est','c7994166-596d-4b9a-bb1a-3983db52d134','2025-12-22 16:24:37','2025-12-22 16:24:37'),('af13c574-d897-46ae-9faf-70337c0046a9','Togba Ouest','17661831-7550-46f4-8706-2a2348c87b2c','2025-12-22 16:24:34','2025-12-22 16:24:34'),('b0490d27-dde0-4170-9ddb-f7e1bccb9c56','Bohicon Centre Sud','a18353d6-19f4-4040-a4d9-ede81320ae21','2025-12-22 16:24:37','2025-12-22 16:24:37'),('b05f06ba-b0b3-4243-b219-e6d3474b87d1','Savalou Centre Est','e290b418-605b-48dc-a127-e0bff1abd64a','2025-12-22 16:24:38','2025-12-22 16:24:38'),('b0f9a53f-9614-4d96-bbbb-abf4ab588c4b','Agbokou','fa3ad1cb-115f-42f4-b3b2-98c1909ea955','2025-12-22 16:24:38','2025-12-22 16:24:38'),('b12e8d73-8efe-4199-94b4-99d533179a58','Natitingou Centre Ouest','898dcf2e-988d-4f27-8f83-b885455fd67a','2025-12-22 16:24:36','2025-12-22 16:24:36'),('b15da7a1-5061-4110-90f8-28441573982a','Dogbo Centre','079e6277-c304-4f96-984e-3eb3a9b61f2b','2025-12-22 16:24:34','2025-12-22 16:24:34'),('b17ebb72-fa7d-490e-b7c7-c0dee4ffd2bf','Savalou Centre Extension','761ac32f-dea7-44f1-b00f-34b044d8efc6','2025-12-22 16:24:36','2025-12-22 16:24:36'),('b2985bf1-d877-4aeb-935a-fa956a703a31','Hêvié','ffccdf0e-2308-4d50-8df8-f473b035e927','2025-12-22 16:24:38','2025-12-22 16:24:38'),('b29de78a-583f-4791-b8fe-ae7963ba8231','Ahouansori Centre','8ec61b91-5c01-46e2-bc17-4745ca666135','2025-12-22 16:24:36','2025-12-22 16:24:36'),('b2f1d64c-0ff6-456c-a7fc-42208bc87956','Zogbo Sud','025499d3-9125-400d-b3f1-471171303bfe','2025-12-22 16:24:34','2025-12-22 16:24:34'),('b4b0e459-a0ff-4c0b-9794-2918c3dd125d','Agbokou Extension','959f5981-ec52-425e-b673-251034851878','2025-12-22 16:24:37','2025-12-22 16:24:37'),('b4cf1a7a-2490-43b2-8d72-7088e753a488','Cadjehoun','4b5da97d-0dae-4154-8a67-4c5dda483c22','2025-12-22 16:24:35','2025-12-22 16:24:35'),('b571b522-1c52-43cc-bb0c-9cefa897a968','Comè Centre Sud','577a5d33-6a4a-44f1-a5dd-e0fbfadbe94f','2025-12-22 16:24:36','2025-12-22 16:24:36'),('b5c583f4-8ca4-49fe-920b-68a94fad5e48','Bohicon Centre Est','d49b37bd-0e36-4664-b7ca-324785fba898','2025-12-22 16:24:38','2025-12-22 16:24:38'),('b5dc80e7-eb64-4226-8b83-c50dfa5e2fda','Abomey-Calavi Centre Centre','8236a97a-7b01-4b72-a187-aeac5fffc88d','2025-12-22 16:24:36','2025-12-22 16:24:36'),('b636a190-0f50-4bb6-9063-dfcf57b92df8','Kandi Centre Ouest','959f5981-ec52-425e-b673-251034851878','2025-12-22 16:24:37','2025-12-22 16:24:37'),('b68568c9-9557-4331-9b26-08ea9644bb7e','Lokossa Centre Centre','6525a383-01c0-4f19-a27a-50e267c833e6','2025-12-22 16:24:36','2025-12-22 16:24:36'),('b6fc5f21-878b-4b6d-aa90-c3a62b5892f1','Zogbo','07851e59-70da-4d5c-9e44-7278bafccb5f','2025-12-22 16:24:34','2025-12-22 16:24:34'),('b85fd85b-5f8a-4cd1-89ab-00e7b66e5f21','Abomey-Calavi Centre Sud','50d987db-25ce-45cf-a521-a01312bbdb1c','2025-12-22 16:24:35','2025-12-22 16:24:35'),('b8c22f7d-d607-4d90-a780-a045bd94b59e','Avakpa Sud','013ae7dd-c574-4a66-ba88-859b557bcb6b','2025-12-22 16:24:34','2025-12-22 16:24:34'),('b8db7e15-3368-46eb-8f9b-96cd26bd0a8a','Comè Centre','d0fe2162-8045-408b-8a84-e2f23f866909','2025-12-22 16:24:38','2025-12-22 16:24:38'),('bc4fea99-7506-458f-9ab3-6961e13b0762','Djègbadji','a18353d6-19f4-4040-a4d9-ede81320ae21','2025-12-22 16:24:37','2025-12-22 16:24:37'),('bce6f90a-ac56-4b31-9aeb-0a741c873ca0','Aplahoué Centre','05128e37-3df7-42e5-bc45-394a6439ae50','2025-12-22 16:24:34','2025-12-22 16:24:34'),('bdd3df75-cee0-41cd-9819-6feff4507838','Abomey-Calavi Centre Est','197ef245-abec-4bfe-8785-7c16aa482e55','2025-12-22 16:24:34','2025-12-22 16:24:34'),('bdfa17f5-4441-413f-ba33-934c9bc927c1','Savalou Centre','3611dc02-be9d-4580-b481-89f4a8b66ac4','2025-12-22 16:24:35','2025-12-22 16:24:35'),('be16efd7-2a6c-437a-8f74-b85cc33b3b2f','Avakpa Est','8fd310e0-4050-4ebd-87c4-4f282e21627d','2025-12-22 16:24:37','2025-12-22 16:24:37'),('bf16cd42-d3a6-4dba-858e-bf0a4c1fae9a','Kandi Centre Est','90dcc77f-bb9d-4d42-b226-35f6f102bbfb','2025-12-22 16:24:37','2025-12-22 16:24:37'),('c114e15d-40c8-4f59-8ad1-6e4bf0d212b7','Porto-Novo Centre Est','4dac45b1-94a7-4e1d-91fd-af76a8bbc80f','2025-12-22 16:24:35','2025-12-22 16:24:35'),('c169d98e-361a-4568-bb6f-fd943f04fe28','Ganhi Sud','aa19e610-4292-438f-a89d-fea506b31051','2025-12-22 16:24:37','2025-12-22 16:24:37'),('c1b95a1e-fd7f-4ff9-9d8d-a9eb41d6d2e0','Togba','3b8abab0-707d-421c-a519-cc57d38a5109','2025-12-22 16:24:35','2025-12-22 16:24:35'),('c1e54690-5676-4509-bdcc-c1c343343192','Aplahoué Centre Est','314e4962-5739-43ae-82a4-c0f2a3d543b0','2025-12-22 16:24:35','2025-12-22 16:24:35'),('c1f7b519-f177-47d0-8789-ce51fb5021a3','Akpakpa Ouest','3aa32da5-54be-401e-84b4-ba7f6a82417e','2025-12-22 16:24:35','2025-12-22 16:24:35'),('c323894d-b8fc-4353-a5c3-020d9a183ca9','Bopa Centre Sud','c3008abf-bd47-4519-a5db-7702b1ce750e','2025-12-22 16:24:37','2025-12-22 16:24:37'),('c3725e52-d55f-4ebc-bb5d-5132a45f02e9','Agbokou Extension','1f25c9d4-8533-47f4-851f-e83ddb80fc0c','2025-12-22 16:24:34','2025-12-22 16:24:34'),('c40eb48f-1518-4ab3-8277-dd3cca58132d','Togba Ouest','10f4b915-bf0c-49f5-b472-d434338a3954','2025-12-22 16:24:34','2025-12-22 16:24:34'),('c435d681-7863-454e-9024-49acb2551415','Agbokou Centre','1f25c9d4-8533-47f4-851f-e83ddb80fc0c','2025-12-22 16:24:34','2025-12-22 16:24:34'),('c46a310d-6dc8-4627-bb6d-148577c0f9aa','Bopa Centre Sud','959f5981-ec52-425e-b673-251034851878','2025-12-22 16:24:37','2025-12-22 16:24:37'),('c477ea12-577c-4181-90fe-c9ff98b24cec','Djègbadji Extension','b575b025-bca8-40f8-a64a-83e08b4a70c9','2025-12-22 16:24:37','2025-12-22 16:24:37'),('c6ba0d18-cb90-445f-9f8b-0c659b5c53f7','Togba Centre','838ab29f-cf61-465d-9bce-cf5a72d62cc7','2025-12-22 16:24:36','2025-12-22 16:24:36'),('c7004265-eb1c-4bb9-a9e6-d59f7fd85a35','Ouando Est','aa19e610-4292-438f-a89d-fea506b31051','2025-12-22 16:24:37','2025-12-22 16:24:37'),('c71528fc-c7b1-4132-951c-1e20c015a641','Aplahoué Centre','e5aecf66-9208-4f92-97cd-5fef7aecea8c','2025-12-22 16:24:38','2025-12-22 16:24:38'),('c74f8ffe-f0a3-4d0b-9fd0-0783809e5829','Djègbadji','cb61b51c-03fb-4eb2-8774-b0567dfcb128','2025-12-22 16:24:38','2025-12-22 16:24:38'),('c79efef3-6004-44a0-8101-47c7f1c521b0','Allada Centre Est','1fc72e6c-6a5b-4986-a075-9126e158f9eb','2025-12-22 16:24:34','2025-12-22 16:24:34'),('c87cefbc-3b42-470a-981c-190824461c7c','Djougou Centre Est','959f5981-ec52-425e-b673-251034851878','2025-12-22 16:24:37','2025-12-22 16:24:37'),('c8ff184c-1c4d-4548-ac61-22d8a436a24f','Porto-Novo Centre Centre','025499d3-9125-400d-b3f1-471171303bfe','2025-12-22 16:24:34','2025-12-22 16:24:34'),('c946fd23-ca10-4473-884f-cc8cd9a22f90','Abomey-Calavi Centre Sud','e198ef1f-a7bb-446a-b0fb-3ad146ea75db','2025-12-22 16:24:38','2025-12-22 16:24:38'),('c9938935-a7fb-46ac-9fea-666e036949ea','Zogbo Est','bae420ce-ce54-4e3a-ac6a-b088e06d3592','2025-12-22 16:24:37','2025-12-22 16:24:37'),('c99cb474-8bf6-4e5d-9677-46326e9ebb3b','Sakété Centre Sud','46c39d78-3fbd-4ec8-80af-14496bd6f9bb','2025-12-22 16:24:35','2025-12-22 16:24:35'),('c9c4bc03-21c1-431d-8f0c-670166a5981d','Calavi Sud','8236a97a-7b01-4b72-a187-aeac5fffc88d','2025-12-22 16:24:36','2025-12-22 16:24:36'),('cb2d3044-4921-48fb-87bb-b3eff8e70502','Tchaourou Centre Est','b575b025-bca8-40f8-a64a-83e08b4a70c9','2025-12-22 16:24:37','2025-12-22 16:24:37'),('cb4fef90-17fc-41de-a7b6-a991e080c06a','Allada Centre Centre','e290b418-605b-48dc-a127-e0bff1abd64a','2025-12-22 16:24:38','2025-12-22 16:24:38'),('cc27f698-cda0-4da1-a6c0-965c854ac6ff','Abomey Centre Ouest','35e1f32b-9f6d-4867-a83a-11c22efb1bf5','2025-12-22 16:24:35','2025-12-22 16:24:35'),('cc96641f-5309-4269-a4d7-0d84b751401c','Ouidah Centre','c3008abf-bd47-4519-a5db-7702b1ce750e','2025-12-22 16:24:37','2025-12-22 16:24:37'),('cd29b6da-2ef7-4864-9f0c-c1f31b06f6da','Dogbo Centre Sud','10f4b915-bf0c-49f5-b472-d434338a3954','2025-12-22 16:24:34','2025-12-22 16:24:34'),('cd6fee23-d24e-4ffd-91ca-c57026b4fec4','Missessin Centre','d49b37bd-0e36-4664-b7ca-324785fba898','2025-12-22 16:24:38','2025-12-22 16:24:38'),('ce1f01c8-9fa7-4ee4-b3c1-21b1292575f8','Pahou Ouest','197ef245-abec-4bfe-8785-7c16aa482e55','2025-12-22 16:24:34','2025-12-22 16:24:34'),('ce4f5e3b-64ba-45c2-916f-83ad45d9daf0','Bopa Centre Ouest','34f410fb-17e5-432f-ab93-7a2e2402732d','2025-12-22 16:24:35','2025-12-22 16:24:35'),('ced85009-bd99-4f3b-9e6a-7d02bb18e35a','Agla Est','7d9bffe8-8206-4d0d-b2f6-c7cd9be7a276','2025-12-22 16:24:36','2025-12-22 16:24:36'),('cf5c9950-835c-4bd7-aeb3-4adbe122ad07','Pahou Est','5b0e82e2-8aca-4a98-abea-92c0669ef274','2025-12-22 16:24:36','2025-12-22 16:24:36'),('cfaa13cd-54de-46b2-8256-a5ece2cded7c','Allada Centre Extension','838ab29f-cf61-465d-9bce-cf5a72d62cc7','2025-12-22 16:24:36','2025-12-22 16:24:36'),('d0397e1b-c865-4468-9736-0a54556c0d13','Ahouansori Extension','1a60dc2c-252e-409b-8abc-2cd7166d993a','2025-12-22 16:24:34','2025-12-22 16:24:34'),('d1ae4b3a-e106-4cf4-bfe4-d22459b3ec2d','Savalou Centre Est','6d14cb89-d3cb-434d-a053-74b9caaacd55','2025-12-22 16:24:36','2025-12-22 16:24:36'),('d1d19c4c-f63b-4e58-9fd6-289713fe881d','Togba Sud','11d06160-a369-4666-b79c-8b3c93b29e5d','2025-12-22 16:24:34','2025-12-22 16:24:34'),('d1e7d4d2-6738-4e38-a8fb-0076b1ec754b','Agla','ea027301-c4ce-4b8d-adbd-1f89c569b3a1','2025-12-22 16:24:38','2025-12-22 16:24:38'),('d20de7f3-fdf7-4e24-b4cc-8f20615ead62','Sakété Centre Sud','a862abb9-4bc4-4621-9c7c-cc4161d829f6','2025-12-22 16:24:37','2025-12-22 16:24:37'),('d2823404-67e6-47a7-8791-bc3986c01620','Agla Sud','9e4b3f78-bff3-4241-9d13-3cb455f96484','2025-12-22 16:24:37','2025-12-22 16:24:37'),('d2c1cb50-b9e4-4faf-8f4e-5b77a84609a1','Savalou Centre Sud','314e4962-5739-43ae-82a4-c0f2a3d543b0','2025-12-22 16:24:35','2025-12-22 16:24:35'),('d4a2a4b5-968d-40ea-9dc7-896a79f67163','Akpakpa','349ec126-d07c-4b5c-9da1-ef98d3a00686','2025-12-22 16:24:35','2025-12-22 16:24:35'),('d4a5e2ca-b168-45f8-847f-42c8ddefd077','Avakpa Est','d9a5a945-61d1-4be4-8ae7-d9c4a6fbe0d2','2025-12-22 16:24:38','2025-12-22 16:24:38'),('d4e021b7-345b-4dee-a4e0-1551f652869b','Ouidah Centre Est','10f4b915-bf0c-49f5-b472-d434338a3954','2025-12-22 16:24:34','2025-12-22 16:24:34'),('d5442b24-3bec-480a-8b36-644ac6ffbd24','Zogbo','59d23dcd-4e77-4e12-a511-0fe51e8ee3cc','2025-12-22 16:24:36','2025-12-22 16:24:36'),('d5bd44f0-31f4-4184-8baa-10429eeefb27','Lokossa Centre','4ec1b08f-d322-4026-97ed-141517148ec3','2025-12-22 16:24:35','2025-12-22 16:24:35'),('d697287d-4637-43d3-ba3a-accb3fd5710b','Ahouansori Est','0e4ba2b0-3d77-4fb6-9894-0a285f390b53','2025-12-22 16:24:34','2025-12-22 16:24:34'),('d6f696d5-ed91-4671-bb48-2194bf7602af','Abomey Centre Sud','c7994166-596d-4b9a-bb1a-3983db52d134','2025-12-22 16:24:37','2025-12-22 16:24:37'),('d724fea3-50b0-4fab-bf2b-3b80a196ec9f','Calavi Centre','5973a69e-efcf-4ba1-90c0-aa6b6b00eeaa','2025-12-22 16:24:36','2025-12-22 16:24:36'),('d7287e52-9c28-4bc1-9d38-9a0bcadc1b4f','Abomey Centre Extension','a6dfb0f5-11c3-4b6c-8a8b-cc87c49f81f7','2025-12-22 16:24:37','2025-12-22 16:24:37'),('d756fc38-7088-4e1f-9593-4b64dad9e7ba','Kétou Centre','827f9f0c-3c5e-43d3-89db-3d944f3cb5ae','2025-12-22 16:24:36','2025-12-22 16:24:36'),('d784498d-f719-423f-b321-9c7422c9c83c','Natitingou Centre Ouest','434efc4a-cd38-40ef-bd9b-25b03ada4c34','2025-12-22 16:24:35','2025-12-22 16:24:35'),('d7859686-3adb-4b87-822c-d55d3ef12b36','Comè Centre Ouest','43f76bdf-3578-45ea-9599-c8c84d3858a7','2025-12-22 16:24:35','2025-12-22 16:24:35'),('d823f2ea-49fc-4241-9b52-428fca96d739','Comè Centre Est','1f25c9d4-8533-47f4-851f-e83ddb80fc0c','2025-12-22 16:24:34','2025-12-22 16:24:34'),('d90b3cf8-ff48-430b-ae01-84b6f191624d','Cadjehoun Centre','8fd310e0-4050-4ebd-87c4-4f282e21627d','2025-12-22 16:24:37','2025-12-22 16:24:37'),('da0dc4a2-0ebc-4335-9f64-b81348c603dd','Ganhi Est','58bd53ac-370c-452a-975c-2b9595542d42','2025-12-22 16:24:36','2025-12-22 16:24:36'),('db1f0921-8126-4d3d-9729-2f914a221b80','Agbokou Sud','ffccdf0e-2308-4d50-8df8-f473b035e927','2025-12-22 16:24:38','2025-12-22 16:24:38'),('db52adb1-0093-4adb-a02d-29344af16c08','Missessin Sud','82ee8b03-84da-4bec-8031-934d70541c9d','2025-12-22 16:24:36','2025-12-22 16:24:36'),('db813152-3492-48cd-bba2-485adb627a55','Cadjehoun','898dcf2e-988d-4f27-8f83-b885455fd67a','2025-12-22 16:24:36','2025-12-22 16:24:36'),('dbba93e6-290c-4c9a-9a86-2027e2ab914a','Djègbadji Est','17661831-7550-46f4-8706-2a2348c87b2c','2025-12-22 16:24:34','2025-12-22 16:24:34'),('dbcfc083-5828-4221-8a58-19100185af93','Togba Sud','d49b37bd-0e36-4664-b7ca-324785fba898','2025-12-22 16:24:38','2025-12-22 16:24:38'),('dc4662d8-7e34-42d3-917d-d61238257e6b','Abomey-Calavi Centre Ouest','13b89c7e-bbd2-4fcd-99fe-85c51b5aa4ab','2025-12-22 16:24:34','2025-12-22 16:24:34'),('dc764759-e92d-4029-920e-07b92faaa548','Bopa Centre Est','43f76bdf-3578-45ea-9599-c8c84d3858a7','2025-12-22 16:24:35','2025-12-22 16:24:35'),('de35b29a-9cba-4004-a9b8-b4b00767595b','Cadjehoun Sud','4dac45b1-94a7-4e1d-91fd-af76a8bbc80f','2025-12-22 16:24:35','2025-12-22 16:24:35'),('de7f0404-6cf8-492f-aa8c-16713007e0e3','Tchaourou Centre Est','77c7340f-a035-4254-b87c-e758ecbd12da','2025-12-22 16:24:36','2025-12-22 16:24:36'),('e06d7815-4325-43d4-a3a3-f665a2a3ad96','Godomey Est','577a5d33-6a4a-44f1-a5dd-e0fbfadbe94f','2025-12-22 16:24:36','2025-12-22 16:24:36'),('e147e125-81e6-467f-acd4-5125a2570614','Djègbadji Sud','3b8abab0-707d-421c-a519-cc57d38a5109','2025-12-22 16:24:35','2025-12-22 16:24:35'),('e160bdb0-1ffe-4aaa-85d6-20f10e9daec3','Pobè Centre','13b89c7e-bbd2-4fcd-99fe-85c51b5aa4ab','2025-12-22 16:24:34','2025-12-22 16:24:34'),('e1e51cab-b0c3-4445-b776-8d2bebc41a81','Bopa Centre Est','fa3ad1cb-115f-42f4-b3b2-98c1909ea955','2025-12-22 16:24:38','2025-12-22 16:24:38'),('e25d1cde-2a64-4d5c-99e9-bfae33ca4dd5','Hêvié','d49b37bd-0e36-4664-b7ca-324785fba898','2025-12-22 16:24:38','2025-12-22 16:24:38'),('e32116e7-05e5-4dcd-9854-99ec82467fac','Lokossa Centre','9bae8277-984f-43d5-ade3-a31b65dba5b5','2025-12-22 16:24:37','2025-12-22 16:24:37'),('e3412ee3-dd4a-46dd-9a89-0bb7d51dabf1','Djougou Centre','32a7d699-e14d-4839-b86d-8ea46508d459','2025-12-22 16:24:35','2025-12-22 16:24:35'),('e3849089-99ee-43f7-908c-5109c9222d0b','Natitingou Centre Centre','98364567-3867-49fb-ae6c-59c7d223b739','2025-12-22 16:24:37','2025-12-22 16:24:37'),('e40c1c93-0c30-4359-9fb6-0058d71def5a','Djougou Centre Sud','197ef245-abec-4bfe-8785-7c16aa482e55','2025-12-22 16:24:34','2025-12-22 16:24:34'),('e43db69c-8794-4d19-a210-19c2a371cb7b','Ouando','3aa32da5-54be-401e-84b4-ba7f6a82417e','2025-12-22 16:24:35','2025-12-22 16:24:35'),('e4e762c8-a518-4bb4-94f6-b7e27fe205c3','Zogbo','43f76bdf-3578-45ea-9599-c8c84d3858a7','2025-12-22 16:24:35','2025-12-22 16:24:35'),('e722f452-2567-4bcf-b002-6ef717daab1e','Hêvié Extension','243f23df-acff-468c-aa02-8a0095ba8889','2025-12-22 16:24:35','2025-12-22 16:24:35'),('e73275a5-eb5f-4fa2-a55f-042c6e764d04','Calavi Ouest','5d9aedfd-1a0c-4c07-8cff-739d8ca252c5','2025-12-22 16:24:36','2025-12-22 16:24:36'),('e7e5b9c1-9b65-4e3c-923e-6373bc038f91','Kétou Centre','99d22cd5-ee39-4335-9070-8b46ab54b2a1','2025-12-22 16:24:37','2025-12-22 16:24:37'),('e7e96c18-dbb5-4ff0-83c6-d2abea97e2ff','Cadjehoun','b575b025-bca8-40f8-a64a-83e08b4a70c9','2025-12-22 16:24:37','2025-12-22 16:24:37'),('e82c1724-ccef-4e28-b96a-ceb88a1a0cb3','Calavi Est','50d987db-25ce-45cf-a521-a01312bbdb1c','2025-12-22 16:24:35','2025-12-22 16:24:35'),('e8f371fe-5951-4e57-9d25-256175535e6f','Aplahoué Centre Sud','cc2e9941-6bb4-4ca2-a5fa-cb5bcf807433','2025-12-22 16:24:38','2025-12-22 16:24:38'),('e9ca0c42-d0ea-42a1-92b9-d6efd556d68a','Kétou Centre Ouest','e198ef1f-a7bb-446a-b0fb-3ad146ea75db','2025-12-22 16:24:38','2025-12-22 16:24:38'),('e9edd318-5915-4065-aad0-7735cf8f9769','Dogbo Centre Est','32a7d699-e14d-4839-b86d-8ea46508d459','2025-12-22 16:24:35','2025-12-22 16:24:35'),('ed2fdfa6-68e2-4380-8b13-82b759678cd2','Pahou Centre','e5aecf66-9208-4f92-97cd-5fef7aecea8c','2025-12-22 16:24:38','2025-12-22 16:24:38'),('edc05699-1d3b-45c6-afa9-15b387910f57','Kandi Centre Centre','4b5da97d-0dae-4154-8a67-4c5dda483c22','2025-12-22 16:24:35','2025-12-22 16:24:35'),('ee2bf50f-6e7f-4949-ad19-598c8b1170a5','Kandi Centre Ouest','07851e59-70da-4d5c-9e44-7278bafccb5f','2025-12-22 16:24:34','2025-12-22 16:24:34'),('ee6a0ead-ea30-4b5b-9e11-03972f028241','Dogbo Centre Est','99d22cd5-ee39-4335-9070-8b46ab54b2a1','2025-12-22 16:24:37','2025-12-22 16:24:37'),('ee80a316-f055-412b-95e5-4749d8783918','Malanville Centre Ouest','d9a5a945-61d1-4be4-8ae7-d9c4a6fbe0d2','2025-12-22 16:24:38','2025-12-22 16:24:38'),('ee9bc4d5-0c6d-40ba-8034-73b433e08cca','Malanville Centre Est','e5aecf66-9208-4f92-97cd-5fef7aecea8c','2025-12-22 16:24:38','2025-12-22 16:24:38'),('ef4ec0c3-47d6-4a48-83db-9c5bb0a36e34','Natitingou Centre','bae420ce-ce54-4e3a-ac6a-b088e06d3592','2025-12-22 16:24:37','2025-12-22 16:24:37'),('ef50a929-98b8-4ec2-9980-cb6f2e254932','Kétou Centre Sud','72d9b2e3-333d-4b89-af40-1a5c3f4269fb','2025-12-22 16:24:36','2025-12-22 16:24:36'),('ef83ae07-42ea-4c27-bfd2-ef7cb8c9cf58','Savalou Centre Ouest','82ee8b03-84da-4bec-8031-934d70541c9d','2025-12-22 16:24:36','2025-12-22 16:24:36'),('efc4959a-f536-4166-919a-8fedb7cd7ac9','Malanville Centre Sud','5d9aedfd-1a0c-4c07-8cff-739d8ca252c5','2025-12-22 16:24:36','2025-12-22 16:24:36'),('f055654e-66e0-46e5-adc0-811848d9b409','Togba','96da6dd9-b1d2-4399-9cc2-da63b4062922','2025-12-22 16:24:37','2025-12-22 16:24:37'),('f15df496-dcc5-4b61-9a0b-3965c27de04a','Natitingou Centre','959f5981-ec52-425e-b673-251034851878','2025-12-22 16:24:37','2025-12-22 16:24:37'),('f1ad61f9-e7ed-46a6-bede-3df4f779daac','Pobè Centre Sud','c914ec61-d8b5-44a5-a9e1-37eb158bd6ee','2025-12-22 16:24:37','2025-12-22 16:24:37'),('f1bb0964-d872-4ae1-9d14-214721953619','Ouando Ouest','74204a99-1492-4cb8-925b-d2d219b3c7cc','2025-12-22 16:24:36','2025-12-22 16:24:36'),('f22a0d65-6519-4169-9118-ee76f9c6ed7d','Kandi Centre Extension','c85d6dce-1795-4fe6-859d-b7fcf5e09104','2025-12-22 16:24:37','2025-12-22 16:24:37'),('f288a227-c455-4433-9933-dc2bfee7a0ca','Tchaourou Centre Sud','6d14cb89-d3cb-434d-a053-74b9caaacd55','2025-12-22 16:24:36','2025-12-22 16:24:36'),('f2fa9f74-0369-45d1-a8a3-5fceaa37bce7','Djougou Centre Est','ce124aa1-fd9f-48da-a716-c81670c4b1fe','2025-12-22 16:24:38','2025-12-22 16:24:38'),('f3305496-51bd-4e87-a217-839ecd6171e0','Grand-Popo Centre Centre','d9a5a945-61d1-4be4-8ae7-d9c4a6fbe0d2','2025-12-22 16:24:38','2025-12-22 16:24:38'),('f47b2ced-8cc6-4be5-9cef-1a5bfd492aac','Bohicon Centre Est','05128e37-3df7-42e5-bc45-394a6439ae50','2025-12-22 16:24:34','2025-12-22 16:24:34'),('f4b86ea3-7afc-406a-aad7-8a4022c28cd7','Lokossa Centre','10f4b915-bf0c-49f5-b472-d434338a3954','2025-12-22 16:24:34','2025-12-22 16:24:34'),('f5784924-ee48-46a5-af7e-46d2e1ced289','Djègbadji Extension','43f76bdf-3578-45ea-9599-c8c84d3858a7','2025-12-22 16:24:35','2025-12-22 16:24:35'),('f591d324-cb48-4ca7-a394-176f32dc2131','Porto-Novo Centre','b327f278-935b-44e8-93c0-1cedcc49a5f0','2025-12-22 16:24:37','2025-12-22 16:24:37'),('f5d791f1-4e76-4889-bb77-6924fbddc2a5','Togba Sud','13b89c7e-bbd2-4fcd-99fe-85c51b5aa4ab','2025-12-22 16:24:34','2025-12-22 16:24:34'),('f5fef768-0ae8-4254-b73a-e11b84b1250b','Savalou Centre Est','21bebab3-8152-4d8d-b34f-ddf17f59c605','2025-12-22 16:24:35','2025-12-22 16:24:35'),('f68eb642-17d8-4981-87fb-6aaa8d035443','Dogbo Centre','8fd310e0-4050-4ebd-87c4-4f282e21627d','2025-12-22 16:24:37','2025-12-22 16:24:37'),('f6eafacd-70b0-4335-be7b-6292a5bb32cf','Djougou Centre Ouest','e80d8f00-8b3d-4540-8ebc-90b7653b881e','2025-12-22 16:24:38','2025-12-22 16:24:38'),('f7cecd93-49f3-4b80-bcb1-0d910b49ee95','Pobè Centre Est','761ac32f-dea7-44f1-b00f-34b044d8efc6','2025-12-22 16:24:36','2025-12-22 16:24:36'),('f8fb0f56-93dd-47f0-a1af-4c4927ebe6c6','Lokossa Centre Ouest','c85d6dce-1795-4fe6-859d-b7fcf5e09104','2025-12-22 16:24:37','2025-12-22 16:24:37'),('f92fb654-dcbc-4f31-8935-12982f68f77d','Comè Centre Centre','9e4b3f78-bff3-4241-9d13-3cb455f96484','2025-12-22 16:24:37','2025-12-22 16:24:37'),('f934320c-8060-48ae-8adb-1b0a56ce407c','Bopa Centre Ouest','49814d52-1d13-4393-a0c6-05286e922671','2025-12-22 16:24:35','2025-12-22 16:24:35'),('f9dfc5e5-375d-44ae-b0b8-84f2b81ce15d','Abomey-Calavi Centre Sud','1fc72e6c-6a5b-4986-a075-9126e158f9eb','2025-12-22 16:24:34','2025-12-22 16:24:34'),('fa4ac71a-318e-4cde-bbc5-f660663b749b','Dogbo Centre','8236a97a-7b01-4b72-a187-aeac5fffc88d','2025-12-22 16:24:36','2025-12-22 16:24:36'),('fae456cc-ad94-4885-b5e2-9894d262914f','Lokossa Centre Sud','98364567-3867-49fb-ae6c-59c7d223b739','2025-12-22 16:24:37','2025-12-22 16:24:37'),('fafc7d0f-8982-456f-9fd6-96b39767300e','Porto-Novo Centre Centre','77c7340f-a035-4254-b87c-e758ecbd12da','2025-12-22 16:24:36','2025-12-22 16:24:36'),('fbd5c98d-53ec-45dd-ad97-60801fe745da','Kandi Centre Ouest','b575b025-bca8-40f8-a64a-83e08b4a70c9','2025-12-22 16:24:37','2025-12-22 16:24:37'),('fc666d8b-f177-47ed-8158-f9c647bb5d14','Malanville Centre Est','34f410fb-17e5-432f-ab93-7a2e2402732d','2025-12-22 16:24:35','2025-12-22 16:24:35'),('fce58251-dc7e-43bb-bea2-8f48f0c26280','Malanville Centre Sud','c85d6dce-1795-4fe6-859d-b7fcf5e09104','2025-12-22 16:24:37','2025-12-22 16:24:37'),('fcf43ee1-80e5-4b02-86cf-1da3103d2851','Agla Sud','32a7d699-e14d-4839-b86d-8ea46508d459','2025-12-22 16:24:35','2025-12-22 16:24:35'),('fe42555e-0ccb-4608-b020-23ceedfcbf96','Pahou Sud','7d9bffe8-8206-4d0d-b2f6-c7cd9be7a276','2025-12-22 16:24:36','2025-12-22 16:24:36'),('fe92de70-8a45-456f-8ce2-69cc204dc634','Pahou Extension','0e4ba2b0-3d77-4fb6-9894-0a285f390b53','2025-12-22 16:24:34','2025-12-22 16:24:34'),('fefb205b-bdc2-4d06-af30-44248ee1496a','Aplahoué Centre Ouest','3611dc02-be9d-4580-b481-89f4a8b66ac4','2025-12-22 16:24:35','2025-12-22 16:24:35'),('ffe35615-3e60-421a-a72a-1c789d053f8b','Lokossa Centre Est','59d23dcd-4e77-4e12-a511-0fe51e8ee3cc','2025-12-22 16:24:36','2025-12-22 16:24:36');
/*!40000 ALTER TABLE `quartiers` ENABLE KEYS */;
UNLOCK TABLES;

--
-- Table structure for table `sessions`
--

DROP TABLE IF EXISTS `sessions`;
/*!40101 SET @saved_cs_client     = @@character_set_client */;
/*!50503 SET character_set_client = utf8mb4 */;
CREATE TABLE `sessions` (
  `id` varchar(255) COLLATE utf8mb4_unicode_ci NOT NULL,
  `user_id` bigint unsigned DEFAULT NULL,
  `ip_address` varchar(45) COLLATE utf8mb4_unicode_ci DEFAULT NULL,
  `user_agent` text COLLATE utf8mb4_unicode_ci,
  `payload` longtext COLLATE utf8mb4_unicode_ci NOT NULL,
  `last_activity` int NOT NULL,
  PRIMARY KEY (`id`),
  KEY `sessions_user_id_index` (`user_id`),
  KEY `sessions_last_activity_index` (`last_activity`)
) ENGINE=InnoDB DEFAULT CHARSET=utf8mb4 COLLATE=utf8mb4_unicode_ci;
/*!40101 SET character_set_client = @saved_cs_client */;

--
-- Dumping data for table `sessions`
--

LOCK TABLES `sessions` WRITE;
/*!40000 ALTER TABLE `sessions` DISABLE KEYS */;
INSERT INTO `sessions` VALUES ('5TqLPO4u5kJUDopHOrS35tj1WK2gukqSJPrWg1XO',NULL,'127.0.0.1','Mozilla/5.0 (Windows NT 10.0; Win64; x64) AppleWebKit/537.36 (KHTML, like Gecko) Chrome/143.0.0.0 Safari/537.36 Edg/143.0.0.0','YTozOntzOjY6Il90b2tlbiI7czo0MDoiU0tqeWZHUWxXMzNJaVI3bUJ3ZHhwVW5GWUVzRGVrU3dlblBpNTNLRiI7czo5OiJfcHJldmlvdXMiO2E6Mjp7czozOiJ1cmwiO3M6Mzc6Imh0dHA6Ly9sb2NhbGhvc3Q6ODAwMC9jaXRpemVucy9jcmVhdGUiO3M6NToicm91dGUiO3M6MTU6ImNpdGl6ZW5zLmNyZWF0ZSI7fXM6NjoiX2ZsYXNoIjthOjI6e3M6Mzoib2xkIjthOjA6e31zOjM6Im5ldyI7YTowOnt9fX0=',1766570549),('cnA9uutCwEbLFFlGtV66KuEvUcglZCYINwfEQTDl',NULL,'127.0.0.1','Mozilla/5.0 (Windows NT 10.0; Win64; x64) AppleWebKit/537.36 (KHTML, like Gecko) Chrome/143.0.0.0 Safari/537.36 Edg/143.0.0.0','YTozOntzOjY6Il90b2tlbiI7czo0MDoiZU5KdzFJeTlHdndRZXF1U2M5bjlpRk1JRFQ5bTBCR01PRGVXOHJvZyI7czo5OiJfcHJldmlvdXMiO2E6Mjp7czozOiJ1cmwiO3M6Mzc6Imh0dHA6Ly9sb2NhbGhvc3Q6ODAwMC9jaXRpemVucy9jcmVhdGUiO3M6NToicm91dGUiO3M6MTU6ImNpdGl6ZW5zLmNyZWF0ZSI7fXM6NjoiX2ZsYXNoIjthOjI6e3M6Mzoib2xkIjthOjA6e31zOjM6Im5ldyI7YTowOnt9fX0=',1766562683);
/*!40000 ALTER TABLE `sessions` ENABLE KEYS */;
UNLOCK TABLES;

--
-- Table structure for table `users`
--

DROP TABLE IF EXISTS `users`;
/*!40101 SET @saved_cs_client     = @@character_set_client */;
/*!50503 SET character_set_client = utf8mb4 */;
CREATE TABLE `users` (
  `id` bigint unsigned NOT NULL AUTO_INCREMENT,
  `name` varchar(255) COLLATE utf8mb4_unicode_ci NOT NULL,
  `email` varchar(255) COLLATE utf8mb4_unicode_ci NOT NULL,
  `email_verified_at` timestamp NULL DEFAULT NULL,
  `password` varchar(255) COLLATE utf8mb4_unicode_ci NOT NULL,
  `remember_token` varchar(100) COLLATE utf8mb4_unicode_ci DEFAULT NULL,
  `created_at` timestamp NULL DEFAULT NULL,
  `updated_at` timestamp NULL DEFAULT NULL,
  PRIMARY KEY (`id`),
  UNIQUE KEY `users_email_unique` (`email`)
) ENGINE=InnoDB DEFAULT CHARSET=utf8mb4 COLLATE=utf8mb4_unicode_ci;
/*!40101 SET character_set_client = @saved_cs_client */;

--
-- Dumping data for table `users`
--

LOCK TABLES `users` WRITE;
/*!40000 ALTER TABLE `users` DISABLE KEYS */;
/*!40000 ALTER TABLE `users` ENABLE KEYS */;
UNLOCK TABLES;
/*!40103 SET TIME_ZONE=@OLD_TIME_ZONE */;

/*!40101 SET SQL_MODE=@OLD_SQL_MODE */;
/*!40014 SET FOREIGN_KEY_CHECKS=@OLD_FOREIGN_KEY_CHECKS */;
/*!40014 SET UNIQUE_CHECKS=@OLD_UNIQUE_CHECKS */;
/*!40101 SET CHARACTER_SET_CLIENT=@OLD_CHARACTER_SET_CLIENT */;
/*!40101 SET CHARACTER_SET_RESULTS=@OLD_CHARACTER_SET_RESULTS */;
/*!40101 SET COLLATION_CONNECTION=@OLD_COLLATION_CONNECTION */;
/*!40111 SET SQL_NOTES=@OLD_SQL_NOTES */;

-- Dump completed on 2025-12-26 16:29:46
